season,round,constructor,constructor_points,constructor_wins,constructor_standings_pos
2008,1,mclaren,0.0,0.0,0.0
2008,1,williams,0.0,0.0,0.0
2008,1,bmw_sauber,0.0,0.0,0.0
2008,1,renault,0.0,0.0,0.0
2008,1,toro_rosso,0.0,0.0,0.0
2008,1,ferrari,0.0,0.0,0.0
2008,2,mclaren,14.0,1.0,1.0
2008,2,bmw_sauber,8.0,0.0,3.0
2008,2,ferrari,1.0,0.0,6.0
2008,2,williams,9.0,0.0,2.0
2008,2,renault,5.0,0.0,4.0
2008,2,toyota,0.0,0.0,0.0
2008,2,red_bull,0.0,0.0,0.0
2008,2,toro_rosso,2.0,0.0,5.0
2008,2,honda,0.0,0.0,0.0
2008,2,force_india,0.0,0.0,0.0
2008,2,super_aguri,0.0,0.0,0.0
2008,3,bmw_sauber,19.0,0.0,2.0
2008,3,ferrari,11.0,1.0,3.0
2008,3,mclaren,24.0,1.0,1.0
2008,3,williams,9.0,0.0,4.0
2008,3,toyota,5.0,0.0,6.0
2008,3,renault,6.0,0.0,5.0
2008,3,red_bull,2.0,0.0,7.0
2008,3,toro_rosso,2.0,0.0,8.0
2008,3,honda,0.0,0.0,9.0
2008,3,force_india,0.0,0.0,10.0
2008,3,super_aguri,0.0,0.0,11.0
2008,4,ferrari,29.0,2.0,2.0
2008,4,bmw_sauber,30.0,0.0,1.0
2008,4,mclaren,28.0,1.0,3.0
2008,4,williams,10.0,0.0,4.0
2008,4,toyota,8.0,0.0,5.0
2008,4,red_bull,4.0,0.0,7.0
2008,4,renault,6.0,0.0,6.0
2008,4,honda,0.0,0.0,9.0
2008,4,toro_rosso,2.0,0.0,8.0
2008,4,force_india,0.0,0.0,10.0
2008,4,super_aguri,0.0,0.0,11.0
2008,5,ferrari,47.0,3.0,1.0
2008,5,bmw_sauber,35.0,0.0,2.0
2008,5,mclaren,34.0,1.0,3.0
2008,5,williams,12.0,0.0,4.0
2008,5,red_bull,8.0,0.0,6.0
2008,5,toyota,9.0,0.0,5.0
2008,5,renault,6.0,0.0,7.0
2008,5,honda,3.0,0.0,8.0
2008,5,toro_rosso,2.0,0.0,9.0
2008,5,force_india,0.0,0.0,10.0
2008,5,super_aguri,0.0,0.0,11.0
2008,6,ferrari,63.0,4.0,1.0
2008,6,mclaren,42.0,1.0,3.0
2008,6,bmw_sauber,44.0,0.0,2.0
2008,6,williams,13.0,0.0,4.0
2008,6,red_bull,10.0,0.0,5.0
2008,6,toyota,9.0,0.0,6.0
2008,6,renault,9.0,0.0,7.0
2008,6,toro_rosso,2.0,0.0,9.0
2008,6,honda,3.0,0.0,8.0
2008,6,force_india,0.0,0.0,10.0
2008,6,super_aguri,0.0,0.0,11.0
2008,7,ferrari,69.0,4.0,1.0
2008,7,bmw_sauber,52.0,0.0,3.0
2008,7,mclaren,53.0,2.0,2.0
2008,7,red_bull,15.0,0.0,5.0
2008,7,toyota,9.0,0.0,6.0
2008,7,williams,15.0,0.0,4.0
2008,7,renault,9.0,0.0,7.0
2008,7,honda,6.0,0.0,9.0
2008,7,toro_rosso,6.0,0.0,8.0
2008,7,force_india,0.0,0.0,10.0
2008,7,super_aguri,0.0,0.0,11.0
2008,8,ferrari,73.0,4.0,1.0
2008,8,bmw_sauber,70.0,1.0,2.0
2008,8,mclaren,53.0,2.0,3.0
2008,8,red_bull,21.0,0.0,4.0
2008,8,toyota,17.0,0.0,5.0
2008,8,williams,15.0,0.0,6.0
2008,8,renault,9.0,0.0,7.0
2008,8,honda,8.0,0.0,8.0
2008,8,toro_rosso,7.0,0.0,9.0
2008,8,force_india,0.0,0.0,10.0
2008,8,super_aguri,0.0,0.0,11.0
2008,9,ferrari,91.0,5.0,1.0
2008,9,bmw_sauber,74.0,1.0,2.0
2008,9,mclaren,58.0,2.0,3.0
2008,9,toyota,23.0,0.0,5.0
2008,9,red_bull,24.0,0.0,4.0
2008,9,williams,15.0,0.0,6.0
2008,9,renault,12.0,0.0,7.0
2008,9,honda,8.0,0.0,8.0
2008,9,toro_rosso,7.0,0.0,9.0
2008,9,force_india,0.0,0.0,10.0
2008,9,super_aguri,0.0,0.0,11.0
2008,10,ferrari,96.0,5.0,1.0
2008,10,bmw_sauber,82.0,1.0,2.0
2008,10,mclaren,72.0,3.0,3.0
2008,10,toyota,25.0,0.0,4.0
2008,10,red_bull,24.0,0.0,5.0
2008,10,renault,15.0,0.0,7.0
2008,10,williams,16.0,0.0,6.0
2008,10,honda,14.0,0.0,8.0
2008,10,toro_rosso,7.0,0.0,9.0
2008,10,force_india,0.0,0.0,10.0
2008,10,super_aguri,0.0,0.0,11.0
2008,11,ferrari,105.0,5.0,1.0
2008,11,mclaren,86.0,4.0,3.0
2008,11,bmw_sauber,89.0,1.0,2.0
2008,11,toyota,25.0,0.0,4.0
2008,11,renault,23.0,0.0,6.0
2008,11,red_bull,24.0,0.0,5.0
2008,11,williams,16.0,0.0,7.0
2008,11,honda,14.0,0.0,8.0
2008,11,toro_rosso,8.0,0.0,9.0
2008,11,force_india,0.0,0.0,10.0
2008,11,super_aguri,0.0,0.0,11.0
2008,12,ferrari,111.0,5.0,1.0
2008,12,mclaren,100.0,5.0,2.0
2008,12,bmw_sauber,90.0,1.0,3.0
2008,12,toyota,35.0,0.0,4.0
2008,12,renault,31.0,0.0,5.0
2008,12,red_bull,24.0,0.0,6.0
2008,12,williams,16.0,0.0,7.0
2008,12,honda,14.0,0.0,8.0
2008,12,toro_rosso,8.0,0.0,9.0
2008,12,force_india,0.0,0.0,10.0
2008,12,super_aguri,0.0,0.0,11.0
2008,13,ferrari,121.0,6.0,1.0
2008,13,mclaren,113.0,5.0,2.0
2008,13,bmw_sauber,96.0,1.0,3.0
2008,13,toyota,41.0,0.0,4.0
2008,13,renault,31.0,0.0,5.0
2008,13,red_bull,24.0,0.0,6.0
2008,13,williams,17.0,0.0,7.0
2008,13,toro_rosso,11.0,0.0,9.0
2008,13,honda,14.0,0.0,8.0
2008,13,force_india,0.0,0.0,10.0
2008,13,super_aguri,0.0,0.0,11.0
2008,14,ferrari,131.0,7.0,1.0
2008,14,mclaren,119.0,5.0,2.0
2008,14,bmw_sauber,107.0,1.0,3.0
2008,14,toyota,41.0,0.0,4.0
2008,14,renault,36.0,0.0,5.0
2008,14,toro_rosso,17.0,0.0,8.0
2008,14,red_bull,25.0,0.0,6.0
2008,14,williams,17.0,0.0,7.0
2008,14,honda,14.0,0.0,9.0
2008,14,force_india,0.0,0.0,10.0
2008,14,super_aguri,0.0,0.0,11.0
2008,15,mclaren,129.0,5.0,2.0
2008,15,ferrari,134.0,7.0,1.0
2008,15,bmw_sauber,117.0,1.0,3.0
2008,15,renault,41.0,0.0,5.0
2008,15,toyota,41.0,0.0,4.0
2008,15,toro_rosso,27.0,1.0,6.0
2008,15,red_bull,26.0,0.0,7.0
2008,15,williams,17.0,0.0,8.0
2008,15,honda,14.0,0.0,9.0
2008,15,force_india,0.0,0.0,10.0
2008,15,super_aguri,0.0,0.0,11.0
2008,16,ferrari,134.0,7.0,2.0
2008,16,mclaren,135.0,5.0,1.0
2008,16,bmw_sauber,120.0,1.0,3.0
2008,16,renault,51.0,1.0,4.0
2008,16,toyota,46.0,0.0,5.0
2008,16,toro_rosso,31.0,1.0,6.0
2008,16,red_bull,28.0,0.0,7.0
2008,16,williams,26.0,0.0,8.0
2008,16,honda,14.0,0.0,9.0
2008,16,force_india,0.0,0.0,10.0
2008,16,super_aguri,0.0,0.0,11.0
2008,17,ferrari,142.0,7.0,1.0
2008,17,mclaren,135.0,5.0,2.0
2008,17,bmw_sauber,128.0,1.0,3.0
2008,17,renault,66.0,2.0,4.0
2008,17,toyota,50.0,0.0,5.0
2008,17,toro_rosso,34.0,1.0,6.0
2008,17,red_bull,29.0,0.0,7.0
2008,17,williams,26.0,0.0,8.0
2008,17,honda,14.0,0.0,9.0
2008,17,force_india,0.0,0.0,10.0
2008,17,super_aguri,0.0,0.0,11.0
2008,18,ferrari,156.0,7.0,1.0
2008,18,mclaren,145.0,6.0,2.0
2008,18,bmw_sauber,135.0,1.0,3.0
2008,18,renault,72.0,2.0,4.0
2008,18,toyota,52.0,0.0,5.0
2008,18,toro_rosso,34.0,1.0,6.0
2008,18,red_bull,29.0,0.0,7.0
2008,18,williams,26.0,0.0,8.0
2008,18,honda,14.0,0.0,9.0
2008,18,force_india,0.0,0.0,10.0
2008,18,super_aguri,0.0,0.0,11.0
2009,1,brawn,0.0,0.0,0.0
2009,1,toyota,0.0,0.0,0.0
2009,1,renault,0.0,0.0,0.0
2009,1,williams,0.0,0.0,0.0
2009,1,toro_rosso,0.0,0.0,0.0
2009,1,force_india,0.0,0.0,0.0
2009,1,bmw_sauber,0.0,0.0,0.0
2009,1,red_bull,0.0,0.0,0.0
2009,1,ferrari,0.0,0.0,0.0
2009,2,brawn,18.0,1.0,1.0
2009,2,toyota,11.0,0.0,2.0
2009,2,bmw_sauber,0.0,0.0,7.0
2009,2,renault,4.0,0.0,3.0
2009,2,williams,3.0,0.0,4.0
2009,2,toro_rosso,3.0,0.0,5.0
2009,2,red_bull,0.0,0.0,8.0
2009,2,mclaren,0.0,0.0,0.0
2009,2,force_india,0.0,0.0,6.0
2009,2,ferrari,0.0,0.0,9.0
2009,3,brawn,25.0,2.0,1.0
2009,3,red_bull,0.0,0.0,7.0
2009,3,toyota,0.0,0.0,2.0
2009,3,mclaren,1.0,0.0,8.0
2009,3,bmw_sauber,4.0,0.0,3.0
2009,3,renault,4.0,0.0,4.0
2009,3,toro_rosso,3.0,0.0,6.0
2009,3,williams,0.0,0.0,5.0
2009,3,ferrari,0.0,0.0,10.0
2009,3,force_india,0.0,0.0,9.0
2009,4,brawn,36.0,2.0,1.0
2009,4,red_bull,0.0,1.0,2.0
2009,4,toyota,0.0,0.0,3.0
2009,4,mclaren,8.0,0.0,4.0
2009,4,renault,4.0,0.0,6.0
2009,4,bmw_sauber,4.0,0.0,5.0
2009,4,toro_rosso,4.0,0.0,7.0
2009,4,williams,0.0,0.0,8.0
2009,4,ferrari,0.0,0.0,9.0
2009,4,force_india,0.0,0.0,10.0
2009,5,brawn,50.0,3.0,1.0
2009,5,red_bull,0.0,1.0,2.0
2009,5,toyota,0.0,0.0,3.0
2009,5,mclaren,13.0,0.0,4.0
2009,5,renault,5.0,0.0,5.0
2009,5,bmw_sauber,4.0,0.0,6.0
2009,5,ferrari,3.0,0.0,9.0
2009,5,williams,0.0,0.0,8.0
2009,5,toro_rosso,4.0,0.0,7.0
2009,5,force_india,0.0,0.0,10.0
2009,6,brawn,68.0,4.0,1.0
2009,6,red_bull,0.0,1.0,2.0
2009,6,toyota,0.0,0.0,3.0
2009,6,ferrari,6.0,0.0,7.0
2009,6,mclaren,13.0,0.0,4.0
2009,6,renault,9.0,0.0,5.0
2009,6,williams,0.0,0.0,8.0
2009,6,bmw_sauber,6.0,0.0,6.0
2009,6,toro_rosso,4.0,0.0,9.0
2009,6,force_india,0.0,0.0,10.0
2009,7,brawn,86.0,5.0,1.0
2009,7,red_bull,0.0,1.0,2.0
2009,7,toyota,0.0,0.0,3.0
2009,7,ferrari,17.0,0.0,4.0
2009,7,mclaren,13.0,0.0,5.0
2009,7,williams,0.0,0.0,7.0
2009,7,renault,11.0,0.0,6.0
2009,7,bmw_sauber,6.0,0.0,8.0
2009,7,toro_rosso,5.0,0.0,9.0
2009,7,force_india,0.0,0.0,10.0
2009,8,brawn,96.0,6.0,1.0
2009,8,red_bull,0.0,1.0,2.0
2009,8,toyota,0.0,0.0,3.0
2009,8,ferrari,20.0,0.0,4.0
2009,8,williams,0.0,0.0,6.0
2009,8,mclaren,13.0,0.0,5.0
2009,8,renault,11.0,0.0,7.0
2009,8,bmw_sauber,8.0,0.0,8.0
2009,8,toro_rosso,5.0,0.0,9.0
2009,8,force_india,0.0,0.0,10.0
2009,9,brawn,105.0,6.0,1.0
2009,9,red_bull,0.0,2.0,2.0
2009,9,toyota,0.0,0.0,3.0
2009,9,ferrari,26.0,0.0,4.0
2009,9,williams,0.0,0.0,5.0
2009,9,mclaren,13.0,0.0,6.0
2009,9,renault,11.0,0.0,7.0
2009,9,bmw_sauber,8.0,0.0,8.0
2009,9,toro_rosso,5.0,0.0,9.0
2009,9,force_india,0.0,0.0,10.0
2009,10,brawn,112.0,6.0,1.0
2009,10,red_bull,0.0,3.0,2.0
2009,10,ferrari,32.0,0.0,4.0
2009,10,toyota,0.0,0.0,3.0
2009,10,mclaren,14.0,0.0,6.0
2009,10,williams,0.0,0.0,5.0
2009,10,renault,13.0,0.0,7.0
2009,10,bmw_sauber,8.0,0.0,8.0
2009,10,toro_rosso,5.0,0.0,9.0
2009,10,force_india,0.0,0.0,10.0
2009,11,brawn,114.0,6.0,1.0
2009,11,red_bull,0.0,3.0,2.0
2009,11,ferrari,40.0,0.0,3.0
2009,11,mclaren,28.0,1.0,5.0
2009,11,toyota,0.0,0.0,4.0
2009,11,williams,0.0,0.0,6.0
2009,11,renault,13.0,0.0,7.0
2009,11,bmw_sauber,8.0,0.0,8.0
2009,11,toro_rosso,5.0,0.0,9.0
2009,11,force_india,0.0,0.0,10.0
2009,12,brawn,126.0,7.0,1.0
2009,12,red_bull,0.0,3.0,2.0
2009,12,ferrari,46.0,0.0,3.0
2009,12,mclaren,41.0,1.0,4.0
2009,12,toyota,0.0,0.0,5.0
2009,12,williams,0.0,0.0,6.0
2009,12,bmw_sauber,9.0,0.0,8.0
2009,12,renault,16.0,0.0,7.0
2009,12,force_india,0.0,0.0,10.0
2009,12,toro_rosso,5.0,0.0,9.0
2009,13,brawn,128.0,7.0,1.0
2009,13,red_bull,0.0,3.0,2.0
2009,13,ferrari,56.0,1.0,3.0
2009,13,mclaren,44.0,1.0,4.0
2009,13,toyota,0.0,0.0,5.0
2009,13,williams,0.0,0.0,6.0
2009,13,bmw_sauber,18.0,0.0,7.0
2009,13,renault,16.0,0.0,8.0
2009,13,force_india,8.0,0.0,9.0
2009,13,toro_rosso,5.0,0.0,10.0
2009,14,brawn,146.0,8.0,1.0
2009,14,red_bull,0.0,3.0,2.0
2009,14,ferrari,62.0,1.0,3.0
2009,14,mclaren,47.0,1.0,4.0
2009,14,toyota,0.0,0.0,5.0
2009,14,williams,0.0,0.0,6.0
2009,14,renault,20.0,0.0,8.0
2009,14,bmw_sauber,20.0,0.0,7.0
2009,14,force_india,13.0,0.0,9.0
2009,14,toro_rosso,5.0,0.0,10.0
2009,15,brawn,153.0,8.0,1.0
2009,15,red_bull,0.0,3.0,2.0
2009,15,ferrari,62.0,1.0,3.0
2009,15,mclaren,59.0,2.0,4.0
2009,15,toyota,0.0,0.0,5.0
2009,15,williams,0.0,0.0,6.0
2009,15,renault,26.0,0.0,7.0
2009,15,bmw_sauber,21.0,0.0,8.0
2009,15,force_india,13.0,0.0,9.0
2009,15,toro_rosso,5.0,0.0,10.0
2009,16,brawn,156.0,8.0,1.0
2009,16,red_bull,0.0,4.0,2.0
2009,16,mclaren,65.0,2.0,4.0
2009,16,ferrari,67.0,1.0,3.0
2009,16,toyota,0.0,0.0,5.0
2009,16,williams,0.0,0.0,6.0
2009,16,bmw_sauber,24.0,0.0,8.0
2009,16,renault,26.0,0.0,7.0
2009,16,force_india,13.0,0.0,9.0
2009,16,toro_rosso,5.0,0.0,10.0
2009,17,brawn,161.0,8.0,1.0
2009,17,red_bull,0.0,5.0,2.0
2009,17,mclaren,71.0,2.0,3.0
2009,17,ferrari,70.0,1.0,4.0
2009,17,toyota,0.0,0.0,5.0
2009,17,bmw_sauber,32.0,0.0,7.0
2009,17,williams,0.0,0.0,6.0
2009,17,renault,26.0,0.0,8.0
2009,17,force_india,13.0,0.0,9.0
2009,17,toro_rosso,7.0,0.0,10.0
2010,1,ferrari,0.0,0.0,0.0
2010,1,mclaren,0.0,0.0,0.0
2010,1,mercedes,0.0,0.0,0.0
2010,1,red_bull,0.0,0.0,0.0
2010,1,force_india,0.0,0.0,0.0
2010,1,williams,0.0,0.0,0.0
2010,1,renault,0.0,0.0,0.0
2010,1,toro_rosso,0.0,0.0,0.0
2010,1,lotus_racing,0.0,0.0,0.0
2010,1,sauber,0.0,0.0,0.0
2010,1,hrt,0.0,0.0,0.0
2010,1,virgin,0.0,0.0,0.0
2010,2,ferrari,43.0,1.0,1.0
2010,2,mclaren,21.0,0.0,2.0
2010,2,mercedes,18.0,0.0,3.0
2010,2,renault,0.0,0.0,7.0
2010,2,red_bull,16.0,0.0,4.0
2010,2,force_india,2.0,0.0,5.0
2010,2,williams,1.0,0.0,6.0
2010,2,toro_rosso,0.0,0.0,8.0
2010,2,sauber,0.0,0.0,10.0
2010,2,lotus_racing,0.0,0.0,9.0
2010,2,hrt,0.0,0.0,11.0
2010,2,virgin,0.0,0.0,12.0
2010,3,ferrari,70.0,1.0,1.0
2010,3,mclaren,54.0,1.0,2.0
2010,3,red_bull,18.0,0.0,5.0
2010,3,mercedes,29.0,0.0,3.0
2010,3,renault,18.0,0.0,4.0
2010,3,force_india,8.0,0.0,6.0
2010,3,williams,5.0,0.0,7.0
2010,3,toro_rosso,0.0,0.0,8.0
2010,3,sauber,0.0,0.0,9.0
2010,3,lotus_racing,0.0,0.0,10.0
2010,3,hrt,0.0,0.0,11.0
2010,3,virgin,0.0,0.0,12.0
2010,4,mclaren,66.0,1.0,2.0
2010,4,ferrari,76.0,1.0,1.0
2010,4,red_bull,61.0,1.0,3.0
2010,4,mercedes,44.0,0.0,4.0
2010,4,renault,30.0,0.0,5.0
2010,4,force_india,18.0,0.0,6.0
2010,4,williams,6.0,0.0,7.0
2010,4,toro_rosso,2.0,0.0,8.0
2010,4,sauber,0.0,0.0,9.0
2010,4,lotus_racing,0.0,0.0,10.0
2010,4,hrt,0.0,0.0,11.0
2010,4,virgin,0.0,0.0,12.0
2010,5,mclaren,109.0,2.0,1.0
2010,5,ferrari,90.0,1.0,2.0
2010,5,red_bull,73.0,1.0,3.0
2010,5,mercedes,60.0,0.0,4.0
2010,5,renault,46.0,0.0,5.0
2010,5,force_india,18.0,0.0,6.0
2010,5,williams,6.0,0.0,7.0
2010,5,toro_rosso,2.0,0.0,8.0
2010,5,sauber,0.0,0.0,9.0
2010,5,lotus_racing,0.0,0.0,10.0
2010,5,hrt,0.0,0.0,11.0
2010,5,virgin,0.0,0.0,12.0
2010,6,red_bull,113.0,2.0,3.0
2010,6,ferrari,116.0,1.0,2.0
2010,6,mclaren,119.0,2.0,1.0
2010,6,mercedes,72.0,0.0,4.0
2010,6,renault,50.0,0.0,5.0
2010,6,force_india,24.0,0.0,6.0
2010,6,williams,8.0,0.0,7.0
2010,6,toro_rosso,3.0,0.0,8.0
2010,6,sauber,0.0,0.0,9.0
2010,6,lotus_racing,0.0,0.0,10.0
2010,6,hrt,0.0,0.0,11.0
2010,6,virgin,0.0,0.0,12.0
2010,7,mclaren,129.0,2.0,3.0
2010,7,red_bull,156.0,3.0,1.0
2010,7,ferrari,136.0,1.0,2.0
2010,7,mercedes,78.0,0.0,4.0
2010,7,renault,65.0,0.0,5.0
2010,7,force_india,30.0,0.0,6.0
2010,7,williams,8.0,0.0,7.0
2010,7,toro_rosso,4.0,0.0,8.0
2010,7,sauber,0.0,0.0,9.0
2010,7,lotus_racing,0.0,0.0,10.0
2010,7,hrt,0.0,0.0,11.0
2010,7,virgin,0.0,0.0,12.0
2010,8,mclaren,172.0,3.0,1.0
2010,8,red_bull,171.0,3.0,2.0
2010,8,ferrari,146.0,1.0,3.0
2010,8,mercedes,100.0,0.0,4.0
2010,8,renault,73.0,0.0,5.0
2010,8,force_india,32.0,0.0,6.0
2010,8,toro_rosso,4.0,0.0,8.0
2010,8,williams,8.0,0.0,7.0
2010,8,sauber,1.0,0.0,9.0
2010,8,lotus_racing,0.0,0.0,10.0
2010,8,hrt,0.0,0.0,11.0
2010,8,virgin,0.0,0.0,12.0
2010,9,mclaren,215.0,4.0,1.0
2010,9,red_bull,193.0,3.0,2.0
2010,9,ferrari,161.0,1.0,3.0
2010,9,mercedes,108.0,0.0,4.0
2010,9,renault,79.0,0.0,5.0
2010,9,force_india,35.0,0.0,6.0
2010,9,williams,8.0,0.0,8.0
2010,9,toro_rosso,8.0,0.0,7.0
2010,9,sauber,1.0,0.0,9.0
2010,9,lotus_racing,0.0,0.0,10.0
2010,9,hrt,0.0,0.0,11.0
2010,9,virgin,0.0,0.0,12.0
2010,10,mclaren,248.0,4.0,1.0
2010,10,red_bull,218.0,4.0,2.0
2010,10,ferrari,165.0,1.0,3.0
2010,10,mercedes,109.0,0.0,4.0
2010,10,renault,89.0,0.0,5.0
2010,10,force_india,43.0,0.0,6.0
2010,10,williams,20.0,0.0,7.0
2010,10,sauber,7.0,0.0,9.0
2010,10,toro_rosso,10.0,0.0,8.0
2010,10,lotus_racing,0.0,0.0,10.0
2010,10,hrt,0.0,0.0,11.0
2010,10,virgin,0.0,0.0,12.0
2010,11,mclaren,278.0,4.0,1.0
2010,11,red_bull,249.0,5.0,2.0
2010,11,ferrari,165.0,1.0,3.0
2010,11,mercedes,126.0,0.0,4.0
2010,11,renault,89.0,0.0,5.0
2010,11,force_india,47.0,0.0,6.0
2010,11,williams,31.0,0.0,7.0
2010,11,sauber,15.0,0.0,8.0
2010,11,toro_rosso,10.0,0.0,9.0
2010,11,lotus_racing,0.0,0.0,10.0
2010,11,hrt,0.0,0.0,11.0
2010,11,virgin,0.0,0.0,12.0
2010,12,red_bull,272.0,5.0,2.0
2010,12,mclaren,300.0,4.0,1.0
2010,12,ferrari,208.0,2.0,3.0
2010,12,mercedes,132.0,0.0,4.0
2010,12,renault,96.0,0.0,5.0
2010,12,force_india,47.0,0.0,6.0
2010,12,williams,31.0,0.0,7.0
2010,12,sauber,15.0,0.0,8.0
2010,12,toro_rosso,10.0,0.0,9.0
2010,12,lotus_racing,0.0,0.0,10.0
2010,12,hrt,0.0,0.0,11.0
2010,12,virgin,0.0,0.0,12.0
2010,13,red_bull,312.0,6.0,1.0
2010,13,mclaren,304.0,4.0,2.0
2010,13,ferrari,238.0,2.0,3.0
2010,13,mercedes,132.0,0.0,4.0
2010,13,renault,106.0,0.0,5.0
2010,13,force_india,47.0,0.0,6.0
2010,13,williams,40.0,0.0,7.0
2010,13,sauber,23.0,0.0,8.0
2010,13,toro_rosso,10.0,0.0,9.0
2010,13,lotus_racing,0.0,0.0,10.0
2010,13,hrt,0.0,0.0,11.0
2010,13,virgin,0.0,0.0,12.0
2010,14,red_bull,330.0,6.0,1.0
2010,14,mclaren,329.0,5.0,2.0
2010,14,ferrari,250.0,2.0,3.0
2010,14,mercedes,146.0,0.0,4.0
2010,14,renault,123.0,0.0,5.0
2010,14,force_india,58.0,0.0,6.0
2010,14,williams,40.0,0.0,7.0
2010,14,sauber,27.0,0.0,8.0
2010,14,toro_rosso,10.0,0.0,9.0
2010,14,lotus_racing,0.0,0.0,10.0
2010,14,hrt,0.0,0.0,11.0
2010,14,virgin,0.0,0.0,12.0
2010,15,red_bull,350.0,6.0,1.0
2010,15,mclaren,347.0,5.0,2.0
2010,15,ferrari,290.0,3.0,3.0
2010,15,mercedes,158.0,0.0,4.0
2010,15,renault,127.0,0.0,5.0
2010,15,force_india,58.0,0.0,6.0
2010,15,williams,47.0,0.0,7.0
2010,15,sauber,27.0,0.0,8.0
2010,15,toro_rosso,10.0,0.0,9.0
2010,15,lotus_racing,0.0,0.0,10.0
2010,15,hrt,0.0,0.0,11.0
2010,15,virgin,0.0,0.0,12.0
2010,16,red_bull,383.0,6.0,1.0
2010,16,mclaren,359.0,5.0,2.0
2010,16,ferrari,319.0,4.0,3.0
2010,16,mercedes,168.0,0.0,4.0
2010,16,renault,133.0,0.0,5.0
2010,16,force_india,60.0,0.0,6.0
2010,16,williams,56.0,0.0,7.0
2010,16,sauber,27.0,0.0,8.0
2010,16,toro_rosso,10.0,0.0,9.0
2010,16,lotus_racing,0.0,0.0,10.0
2010,16,hrt,0.0,0.0,11.0
2010,16,virgin,0.0,0.0,12.0
2010,17,red_bull,426.0,7.0,1.0
2010,17,mclaren,381.0,5.0,2.0
2010,17,ferrari,334.0,4.0,3.0
2010,17,mercedes,176.0,0.0,4.0
2010,17,renault,133.0,0.0,5.0
2010,17,force_india,60.0,0.0,6.0
2010,17,williams,58.0,0.0,7.0
2010,17,sauber,37.0,0.0,8.0
2010,17,toro_rosso,11.0,0.0,9.0
2010,17,lotus_racing,0.0,0.0,10.0
2010,17,hrt,0.0,0.0,11.0
2010,17,virgin,0.0,0.0,12.0
2010,18,red_bull,426.0,7.0,1.0
2010,18,mclaren,399.0,5.0,2.0
2010,18,ferrari,374.0,5.0,3.0
2010,18,mercedes,188.0,0.0,4.0
2010,18,renault,143.0,0.0,5.0
2010,18,williams,65.0,0.0,7.0
2010,18,force_india,68.0,0.0,6.0
2010,18,sauber,43.0,0.0,8.0
2010,18,toro_rosso,11.0,0.0,9.0
2010,18,lotus_racing,0.0,0.0,10.0
2010,18,hrt,0.0,0.0,11.0
2010,18,virgin,0.0,0.0,12.0
2010,19,red_bull,469.0,8.0,1.0
2010,19,mclaren,421.0,5.0,2.0
2010,19,ferrari,389.0,5.0,3.0
2010,19,mercedes,202.0,0.0,4.0
2010,19,renault,145.0,0.0,5.0
2010,19,williams,69.0,0.0,6.0
2010,19,force_india,68.0,0.0,7.0
2010,19,sauber,44.0,0.0,8.0
2010,19,toro_rosso,11.0,0.0,9.0
2010,19,lotus_racing,0.0,0.0,10.0
2010,19,hrt,0.0,0.0,11.0
2010,19,virgin,0.0,0.0,12.0
2011,1,red_bull,0.0,0.0,0.0
2011,1,mclaren,0.0,0.0,0.0
2011,1,ferrari,0.0,0.0,0.0
2011,1,renault,0.0,0.0,0.0
2011,1,toro_rosso,0.0,0.0,0.0
2011,1,force_india,0.0,0.0,0.0
2011,1,lotus_racing,0.0,0.0,0.0
2011,1,virgin,0.0,0.0,0.0
2011,1,williams,0.0,0.0,0.0
2011,1,mercedes,0.0,0.0,0.0
2011,2,red_bull,35.0,1.0,1.0
2011,2,mclaren,26.0,0.0,2.0
2011,2,ferrari,18.0,0.0,3.0
2011,2,renault,15.0,0.0,4.0
2011,2,sauber,0.0,0.0,0.0
2011,2,toro_rosso,4.0,0.0,5.0
2011,2,force_india,3.0,0.0,6.0
2011,2,mercedes,0.0,0.0,10.0
2011,2,lotus_racing,0.0,0.0,7.0
2011,2,virgin,0.0,0.0,8.0
2011,2,williams,0.0,0.0,9.0
2011,2,hrt,0.0,0.0,0.0
2011,3,red_bull,72.0,2.0,1.0
2011,3,mclaren,48.0,0.0,2.0
2011,3,ferrari,36.0,0.0,3.0
2011,3,renault,30.0,0.0,4.0
2011,3,mercedes,2.0,0.0,8.0
2011,3,sauber,6.0,0.0,5.0
2011,3,toro_rosso,4.0,0.0,6.0
2011,3,force_india,4.0,0.0,7.0
2011,3,lotus_racing,0.0,0.0,9.0
2011,3,williams,0.0,0.0,11.0
2011,3,virgin,0.0,0.0,10.0
2011,3,hrt,0.0,0.0,12.0
2011,4,red_bull,105.0,2.0,1.0
2011,4,mclaren,85.0,1.0,2.0
2011,4,ferrari,50.0,0.0,3.0
2011,4,renault,32.0,0.0,4.0
2011,4,mercedes,16.0,0.0,5.0
2011,4,sauber,7.0,0.0,6.0
2011,4,toro_rosso,4.0,0.0,7.0
2011,4,force_india,4.0,0.0,8.0
2011,4,lotus_racing,0.0,0.0,9.0
2011,4,williams,0.0,0.0,10.0
2011,4,virgin,0.0,0.0,11.0
2011,4,hrt,0.0,0.0,12.0
2011,5,red_bull,148.0,3.0,1.0
2011,5,mclaren,105.0,1.0,2.0
2011,5,ferrari,65.0,0.0,3.0
2011,5,renault,42.0,0.0,4.0
2011,5,mercedes,26.0,0.0,5.0
2011,5,sauber,8.0,0.0,6.0
2011,5,toro_rosso,6.0,0.0,7.0
2011,5,force_india,4.0,0.0,8.0
2011,5,williams,0.0,0.0,10.0
2011,5,lotus_racing,0.0,0.0,9.0
2011,5,virgin,0.0,0.0,11.0
2011,5,hrt,0.0,0.0,12.0
2011,6,red_bull,185.0,4.0,1.0
2011,6,mclaren,138.0,1.0,2.0
2011,6,ferrari,75.0,0.0,3.0
2011,6,renault,46.0,0.0,4.0
2011,6,mercedes,40.0,0.0,5.0
2011,6,sauber,11.0,0.0,6.0
2011,6,force_india,4.0,0.0,8.0
2011,6,toro_rosso,6.0,0.0,7.0
2011,6,williams,0.0,0.0,9.0
2011,6,lotus_racing,0.0,0.0,10.0
2011,6,virgin,0.0,0.0,11.0
2011,6,hrt,0.0,0.0,12.0
2011,7,red_bull,222.0,5.0,1.0
2011,7,mclaren,161.0,1.0,2.0
2011,7,ferrari,93.0,0.0,3.0
2011,7,renault,50.0,0.0,4.0
2011,7,mercedes,40.0,0.0,5.0
2011,7,sauber,21.0,0.0,6.0
2011,7,toro_rosso,7.0,0.0,8.0
2011,7,force_india,10.0,0.0,7.0
2011,7,williams,2.0,0.0,9.0
2011,7,lotus_racing,0.0,0.0,10.0
2011,7,hrt,0.0,0.0,12.0
2011,7,virgin,0.0,0.0,11.0
2011,8,red_bull,255.0,5.0,1.0
2011,8,mclaren,186.0,2.0,2.0
2011,8,ferrari,101.0,0.0,3.0
2011,8,renault,60.0,0.0,4.0
2011,8,mercedes,52.0,0.0,5.0
2011,8,sauber,27.0,0.0,6.0
2011,8,toro_rosso,12.0,0.0,7.0
2011,8,force_india,10.0,0.0,8.0
2011,8,williams,4.0,0.0,9.0
2011,8,lotus_racing,0.0,0.0,10.0
2011,8,hrt,0.0,0.0,11.0
2011,8,virgin,0.0,0.0,12.0
2011,9,red_bull,295.0,6.0,1.0
2011,9,mclaren,206.0,2.0,2.0
2011,9,ferrari,129.0,0.0,3.0
2011,9,mercedes,58.0,0.0,5.0
2011,9,renault,61.0,0.0,4.0
2011,9,sauber,27.0,0.0,6.0
2011,9,toro_rosso,16.0,0.0,7.0
2011,9,force_india,12.0,0.0,8.0
2011,9,williams,4.0,0.0,9.0
2011,9,lotus_racing,0.0,0.0,10.0
2011,9,hrt,0.0,0.0,11.0
2011,9,virgin,0.0,0.0,12.0
2011,10,red_bull,328.0,6.0,1.0
2011,10,mclaren,218.0,2.0,2.0
2011,10,ferrari,164.0,1.0,3.0
2011,10,mercedes,68.0,0.0,4.0
2011,10,renault,65.0,0.0,5.0
2011,10,sauber,33.0,0.0,6.0
2011,10,force_india,12.0,0.0,8.0
2011,10,toro_rosso,17.0,0.0,7.0
2011,10,williams,4.0,0.0,9.0
2011,10,lotus_racing,0.0,0.0,10.0
2011,10,hrt,0.0,0.0,11.0
2011,10,virgin,0.0,0.0,12.0
2011,11,red_bull,355.0,6.0,1.0
2011,11,mclaren,243.0,3.0,2.0
2011,11,ferrari,192.0,1.0,3.0
2011,11,mercedes,78.0,0.0,4.0
2011,11,renault,66.0,0.0,5.0
2011,11,sauber,35.0,0.0,6.0
2011,11,force_india,20.0,0.0,7.0
2011,11,toro_rosso,17.0,0.0,8.0
2011,11,williams,4.0,0.0,9.0
2011,11,lotus_racing,0.0,0.0,10.0
2011,11,hrt,0.0,0.0,11.0
2011,11,virgin,0.0,0.0,12.0
2011,12,red_bull,383.0,6.0,1.0
2011,12,mclaren,280.0,4.0,2.0
2011,12,ferrari,215.0,1.0,3.0
2011,12,mercedes,80.0,0.0,4.0
2011,12,renault,66.0,0.0,5.0
2011,12,sauber,35.0,0.0,6.0
2011,12,force_india,26.0,0.0,7.0
2011,12,toro_rosso,22.0,0.0,8.0
2011,12,williams,4.0,0.0,9.0
2011,12,lotus_racing,0.0,0.0,10.0
2011,12,hrt,0.0,0.0,11.0
2011,12,virgin,0.0,0.0,12.0
2011,13,red_bull,426.0,7.0,1.0
2011,13,mclaren,295.0,4.0,2.0
2011,13,ferrari,231.0,1.0,3.0
2011,13,mercedes,98.0,0.0,4.0
2011,13,renault,68.0,0.0,5.0
2011,13,force_india,32.0,0.0,7.0
2011,13,sauber,35.0,0.0,6.0
2011,13,toro_rosso,22.0,0.0,8.0
2011,13,williams,5.0,0.0,9.0
2011,13,lotus_racing,0.0,0.0,10.0
2011,13,hrt,0.0,0.0,11.0
2011,13,virgin,0.0,0.0,12.0
2011,14,red_bull,451.0,8.0,1.0
2011,14,mclaren,325.0,4.0,2.0
2011,14,ferrari,254.0,1.0,3.0
2011,14,mercedes,108.0,0.0,4.0
2011,14,renault,70.0,0.0,5.0
2011,14,force_india,36.0,0.0,6.0
2011,14,sauber,35.0,0.0,7.0
2011,14,toro_rosso,29.0,0.0,8.0
2011,14,williams,5.0,0.0,9.0
2011,14,lotus_racing,0.0,0.0,10.0
2011,14,hrt,0.0,0.0,11.0
2011,14,virgin,0.0,0.0,12.0
2011,15,red_bull,491.0,9.0,1.0
2011,15,mclaren,353.0,4.0,2.0
2011,15,ferrari,268.0,1.0,3.0
2011,15,mercedes,114.0,0.0,4.0
2011,15,renault,70.0,0.0,5.0
2011,15,force_india,48.0,0.0,6.0
2011,15,sauber,36.0,0.0,7.0
2011,15,toro_rosso,29.0,0.0,8.0
2011,15,williams,5.0,0.0,9.0
2011,15,lotus_racing,0.0,0.0,10.0
2011,15,hrt,0.0,0.0,11.0
2011,15,virgin,0.0,0.0,12.0
2011,16,red_bull,518.0,9.0,1.0
2011,16,mclaren,388.0,5.0,2.0
2011,16,ferrari,292.0,1.0,3.0
2011,16,mercedes,123.0,0.0,4.0
2011,16,renault,72.0,0.0,5.0
2011,16,force_india,48.0,0.0,6.0
2011,16,sauber,40.0,0.0,7.0
2011,16,toro_rosso,29.0,0.0,8.0
2011,16,williams,5.0,0.0,9.0
2011,16,lotus_racing,0.0,0.0,10.0
2011,16,hrt,0.0,0.0,11.0
2011,16,virgin,0.0,0.0,12.0
2011,17,red_bull,558.0,10.0,1.0
2011,17,mclaren,418.0,5.0,2.0
2011,17,ferrari,310.0,1.0,3.0
2011,17,mercedes,127.0,0.0,4.0
2011,17,renault,72.0,0.0,5.0
2011,17,force_india,49.0,0.0,6.0
2011,17,sauber,40.0,0.0,7.0
2011,17,toro_rosso,37.0,0.0,8.0
2011,17,williams,5.0,0.0,9.0
2011,17,lotus_racing,0.0,0.0,10.0
2011,17,hrt,0.0,0.0,11.0
2011,17,virgin,0.0,0.0,12.0
2011,18,red_bull,595.0,11.0,1.0
2011,18,mclaren,442.0,5.0,2.0
2011,18,ferrari,325.0,1.0,3.0
2011,18,mercedes,145.0,0.0,4.0
2011,18,renault,72.0,0.0,5.0
2011,18,force_india,51.0,0.0,6.0
2011,18,sauber,41.0,0.0,7.0
2011,18,toro_rosso,41.0,0.0,8.0
2011,18,williams,5.0,0.0,9.0
2011,18,lotus_racing,0.0,0.0,10.0
2011,18,hrt,0.0,0.0,11.0
2011,18,virgin,0.0,0.0,12.0
2011,19,red_bull,607.0,11.0,1.0
2011,19,mclaren,482.0,6.0,2.0
2011,19,ferrari,353.0,1.0,3.0
2011,19,mercedes,159.0,0.0,4.0
2011,19,renault,72.0,0.0,5.0
2011,19,force_india,57.0,0.0,6.0
2011,19,sauber,42.0,0.0,7.0
2011,19,toro_rosso,41.0,0.0,8.0
2011,19,williams,5.0,0.0,9.0
2011,19,lotus_racing,0.0,0.0,10.0
2011,19,hrt,0.0,0.0,11.0
2011,19,virgin,0.0,0.0,12.0
2012,1,mclaren,0.0,0.0,0.0
2012,1,red_bull,0.0,0.0,0.0
2012,1,sauber,0.0,0.0,0.0
2012,1,ferrari,0.0,0.0,0.0
2012,1,lotus_f1,0.0,0.0,0.0
2012,1,toro_rosso,0.0,0.0,0.0
2012,1,force_india,0.0,0.0,0.0
2012,1,mercedes,0.0,0.0,0.0
2012,1,williams,0.0,0.0,0.0
2012,1,marussia,0.0,0.0,0.0
2012,1,caterham,0.0,0.0,0.0
2012,2,mclaren,40.0,1.0,1.0
2012,2,red_bull,30.0,0.0,2.0
2012,2,ferrari,10.0,0.0,4.0
2012,2,sauber,12.0,0.0,3.0
2012,2,lotus_f1,6.0,0.0,5.0
2012,2,force_india,1.0,0.0,7.0
2012,2,williams,0.0,0.0,9.0
2012,2,toro_rosso,2.0,0.0,6.0
2012,2,mercedes,0.0,0.0,8.0
2012,2,marussia,0.0,0.0,10.0
2012,2,caterham,0.0,0.0,11.0
2012,2,hrt,0.0,0.0,0.0
2012,3,mclaren,55.0,1.0,1.0
2012,3,red_bull,42.0,0.0,2.0
2012,3,ferrari,35.0,1.0,3.0
2012,3,sauber,30.0,0.0,4.0
2012,3,mercedes,1.0,0.0,9.0
2012,3,lotus_f1,16.0,0.0,5.0
2012,3,williams,8.0,0.0,7.0
2012,3,force_india,9.0,0.0,6.0
2012,3,toro_rosso,6.0,0.0,8.0
2012,3,marussia,0.0,0.0,10.0
2012,3,caterham,0.0,0.0,11.0
2012,3,hrt,0.0,0.0,12.0
2012,4,red_bull,64.0,0.0,2.0
2012,4,mclaren,88.0,1.0,1.0
2012,4,lotus_f1,24.0,0.0,6.0
2012,4,ferrari,37.0,1.0,3.0
2012,4,mercedes,26.0,1.0,5.0
2012,4,sauber,31.0,0.0,4.0
2012,4,williams,18.0,0.0,7.0
2012,4,force_india,9.0,0.0,8.0
2012,4,toro_rosso,6.0,0.0,9.0
2012,4,marussia,0.0,0.0,10.0
2012,4,caterham,0.0,0.0,11.0
2012,4,hrt,0.0,0.0,12.0
2012,5,red_bull,101.0,1.0,1.0
2012,5,mclaren,92.0,1.0,2.0
2012,5,lotus_f1,57.0,0.0,3.0
2012,5,ferrari,45.0,1.0,4.0
2012,5,mercedes,37.0,1.0,5.0
2012,5,williams,18.0,0.0,7.0
2012,5,sauber,31.0,0.0,6.0
2012,5,force_india,17.0,0.0,8.0
2012,5,toro_rosso,6.0,0.0,9.0
2012,5,marussia,0.0,0.0,10.0
2012,5,caterham,0.0,0.0,11.0
2012,5,hrt,0.0,0.0,12.0
2012,6,red_bull,109.0,1.0,1.0
2012,6,mclaren,98.0,1.0,2.0
2012,6,ferrari,63.0,1.0,4.0
2012,6,lotus_f1,84.0,0.0,3.0
2012,6,mercedes,43.0,1.0,5.0
2012,6,williams,43.0,1.0,6.0
2012,6,sauber,41.0,0.0,7.0
2012,6,force_india,18.0,0.0,8.0
2012,6,toro_rosso,6.0,0.0,9.0
2012,6,caterham,0.0,0.0,11.0
2012,6,marussia,0.0,0.0,10.0
2012,6,hrt,0.0,0.0,12.0
2012,7,red_bull,146.0,2.0,1.0
2012,7,mclaren,108.0,1.0,2.0
2012,7,lotus_f1,86.0,0.0,4.0
2012,7,ferrari,86.0,1.0,3.0
2012,7,mercedes,61.0,1.0,5.0
2012,7,sauber,41.0,0.0,7.0
2012,7,williams,44.0,1.0,6.0
2012,7,force_india,28.0,0.0,8.0
2012,7,toro_rosso,6.0,0.0,9.0
2012,7,caterham,0.0,0.0,10.0
2012,7,marussia,0.0,0.0,11.0
2012,7,hrt,0.0,0.0,12.0
2012,8,red_bull,164.0,2.0,1.0
2012,8,mclaren,133.0,2.0,2.0
2012,8,lotus_f1,108.0,0.0,3.0
2012,8,ferrari,97.0,1.0,4.0
2012,8,mercedes,69.0,1.0,5.0
2012,8,sauber,58.0,0.0,6.0
2012,8,williams,44.0,1.0,7.0
2012,8,force_india,28.0,0.0,8.0
2012,8,toro_rosso,6.0,0.0,9.0
2012,8,caterham,0.0,0.0,10.0
2012,8,marussia,0.0,0.0,11.0
2012,8,hrt,0.0,0.0,12.0
2012,9,red_bull,176.0,2.0,1.0
2012,9,ferrari,122.0,2.0,4.0
2012,9,lotus_f1,126.0,0.0,3.0
2012,9,mclaren,137.0,2.0,2.0
2012,9,mercedes,92.0,1.0,5.0
2012,9,sauber,60.0,0.0,6.0
2012,9,williams,45.0,1.0,7.0
2012,9,force_india,44.0,0.0,8.0
2012,9,toro_rosso,6.0,0.0,9.0
2012,9,caterham,0.0,0.0,10.0
2012,9,marussia,0.0,0.0,11.0
2012,9,hrt,0.0,0.0,12.0
2012,10,red_bull,216.0,3.0,1.0
2012,10,ferrari,152.0,2.0,2.0
2012,10,mclaren,142.0,2.0,4.0
2012,10,lotus_f1,144.0,0.0,3.0
2012,10,mercedes,98.0,1.0,5.0
2012,10,sauber,60.0,0.0,6.0
2012,10,williams,47.0,1.0,7.0
2012,10,force_india,44.0,0.0,8.0
2012,10,toro_rosso,6.0,0.0,9.0
2012,10,caterham,0.0,0.0,10.0
2012,10,marussia,0.0,0.0,11.0
2012,10,hrt,0.0,0.0,12.0
2012,11,red_bull,230.0,3.0,1.0
2012,11,mclaren,160.0,2.0,3.0
2012,11,lotus_f1,159.0,0.0,4.0
2012,11,ferrari,177.0,3.0,2.0
2012,11,mercedes,105.0,1.0,5.0
2012,11,sauber,80.0,0.0,6.0
2012,11,williams,47.0,1.0,7.0
2012,11,force_india,46.0,0.0,8.0
2012,11,toro_rosso,6.0,0.0,9.0
2012,11,caterham,0.0,0.0,10.0
2012,11,marussia,0.0,0.0,11.0
2012,11,hrt,0.0,0.0,12.0
2012,12,red_bull,246.0,3.0,1.0
2012,12,mclaren,193.0,3.0,2.0
2012,12,lotus_f1,192.0,0.0,3.0
2012,12,ferrari,189.0,3.0,4.0
2012,12,mercedes,106.0,1.0,5.0
2012,12,sauber,80.0,0.0,6.0
2012,12,force_india,46.0,0.0,8.0
2012,12,williams,53.0,1.0,7.0
2012,12,toro_rosso,6.0,0.0,9.0
2012,12,caterham,0.0,0.0,10.0
2012,12,marussia,0.0,0.0,11.0
2012,12,hrt,0.0,0.0,12.0
2012,13,red_bull,272.0,3.0,1.0
2012,13,mclaren,218.0,4.0,2.0
2012,13,ferrari,199.0,3.0,4.0
2012,13,lotus_f1,207.0,0.0,3.0
2012,13,mercedes,112.0,1.0,5.0
2012,13,sauber,80.0,0.0,6.0
2012,13,force_india,59.0,0.0,7.0
2012,13,williams,53.0,1.0,8.0
2012,13,toro_rosso,12.0,0.0,9.0
2012,13,caterham,0.0,0.0,10.0
2012,13,marussia,0.0,0.0,11.0
2012,13,hrt,0.0,0.0,12.0
2012,14,red_bull,272.0,3.0,1.0
2012,14,mclaren,243.0,5.0,2.0
2012,14,ferrari,226.0,3.0,3.0
2012,14,lotus_f1,217.0,0.0,4.0
2012,14,mercedes,126.0,1.0,5.0
2012,14,sauber,100.0,0.0,6.0
2012,14,force_india,63.0,0.0,7.0
2012,14,williams,54.0,1.0,8.0
2012,14,toro_rosso,12.0,0.0,9.0
2012,14,marussia,0.0,0.0,11.0
2012,14,caterham,0.0,0.0,10.0
2012,14,hrt,0.0,0.0,12.0
2012,15,red_bull,297.0,4.0,1.0
2012,15,mclaren,261.0,5.0,2.0
2012,15,ferrari,245.0,3.0,3.0
2012,15,lotus_f1,231.0,0.0,4.0
2012,15,mercedes,136.0,1.0,5.0
2012,15,sauber,101.0,0.0,6.0
2012,15,force_india,75.0,0.0,7.0
2012,15,williams,54.0,1.0,8.0
2012,15,toro_rosso,14.0,0.0,9.0
2012,15,marussia,0.0,0.0,10.0
2012,15,caterham,0.0,0.0,11.0
2012,15,hrt,0.0,0.0,12.0
2012,16,red_bull,324.0,5.0,1.0
2012,16,ferrari,263.0,3.0,3.0
2012,16,mclaren,283.0,5.0,2.0
2012,16,lotus_f1,239.0,0.0,4.0
2012,16,mercedes,136.0,1.0,5.0
2012,16,sauber,116.0,0.0,6.0
2012,16,force_india,81.0,0.0,7.0
2012,16,williams,58.0,1.0,8.0
2012,16,toro_rosso,15.0,0.0,9.0
2012,16,marussia,0.0,0.0,10.0
2012,16,caterham,0.0,0.0,11.0
2012,16,hrt,0.0,0.0,12.0
2012,17,red_bull,367.0,6.0,1.0
2012,17,ferrari,290.0,3.0,2.0
2012,17,mclaren,284.0,5.0,3.0
2012,17,lotus_f1,255.0,0.0,4.0
2012,17,mercedes,136.0,1.0,5.0
2012,17,sauber,116.0,0.0,6.0
2012,17,force_india,89.0,0.0,7.0
2012,17,williams,58.0,1.0,8.0
2012,17,toro_rosso,21.0,0.0,9.0
2012,17,marussia,0.0,0.0,10.0
2012,17,caterham,0.0,0.0,11.0
2012,17,hrt,0.0,0.0,12.0
2012,18,red_bull,407.0,7.0,1.0
2012,18,ferrari,316.0,3.0,2.0
2012,18,mclaren,306.0,5.0,3.0
2012,18,lotus_f1,263.0,0.0,4.0
2012,18,mercedes,136.0,1.0,5.0
2012,18,sauber,116.0,0.0,6.0
2012,18,force_india,93.0,0.0,7.0
2012,18,williams,59.0,1.0,8.0
2012,18,toro_rosso,21.0,0.0,9.0
2012,18,marussia,0.0,0.0,10.0
2012,18,caterham,0.0,0.0,11.0
2012,18,hrt,0.0,0.0,12.0
2012,19,red_bull,422.0,7.0,1.0
2012,19,ferrari,340.0,3.0,2.0
2012,19,mclaren,318.0,5.0,3.0
2012,19,lotus_f1,288.0,1.0,4.0
2012,19,mercedes,136.0,1.0,5.0
2012,19,sauber,124.0,0.0,6.0
2012,19,force_india,95.0,0.0,7.0
2012,19,williams,73.0,1.0,8.0
2012,19,toro_rosso,22.0,0.0,9.0
2012,19,marussia,0.0,0.0,10.0
2012,19,caterham,0.0,0.0,11.0
2012,19,hrt,0.0,0.0,12.0
2012,20,red_bull,440.0,7.0,1.0
2012,20,ferrari,367.0,3.0,2.0
2012,20,mclaren,353.0,6.0,3.0
2012,20,lotus_f1,302.0,1.0,4.0
2012,20,mercedes,136.0,1.0,5.0
2012,20,sauber,124.0,0.0,6.0
2012,20,force_india,99.0,0.0,7.0
2012,20,williams,76.0,1.0,8.0
2012,20,toro_rosso,22.0,0.0,9.0
2012,20,caterham,0.0,0.0,11.0
2012,20,marussia,0.0,0.0,10.0
2012,20,hrt,0.0,0.0,12.0
2013,1,ferrari,0.0,0.0,0.0
2013,1,lotus_f1,0.0,0.0,0.0
2013,1,red_bull,0.0,0.0,0.0
2013,1,mercedes,0.0,0.0,0.0
2013,1,force_india,0.0,0.0,0.0
2013,1,mclaren,0.0,0.0,0.0
2013,1,toro_rosso,0.0,0.0,0.0
2013,1,sauber,0.0,0.0,0.0
2013,1,williams,0.0,0.0,0.0
2013,1,marussia,0.0,0.0,0.0
2013,1,caterham,0.0,0.0,0.0
2013,2,red_bull,23.0,0.0,3.0
2013,2,lotus_f1,26.0,1.0,2.0
2013,2,ferrari,30.0,0.0,1.0
2013,2,mercedes,10.0,0.0,4.0
2013,2,force_india,10.0,0.0,5.0
2013,2,sauber,0.0,0.0,8.0
2013,2,mclaren,2.0,0.0,6.0
2013,2,toro_rosso,0.0,0.0,7.0
2013,2,williams,0.0,0.0,9.0
2013,2,marussia,0.0,0.0,10.0
2013,2,caterham,0.0,0.0,11.0
2013,3,red_bull,66.0,1.0,1.0
2013,3,ferrari,40.0,0.0,3.0
2013,3,lotus_f1,40.0,1.0,2.0
2013,3,mercedes,37.0,0.0,4.0
2013,3,mclaren,4.0,0.0,7.0
2013,3,force_india,10.0,0.0,5.0
2013,3,toro_rosso,1.0,0.0,8.0
2013,3,sauber,4.0,0.0,6.0
2013,3,williams,0.0,0.0,9.0
2013,3,marussia,0.0,0.0,10.0
2013,3,caterham,0.0,0.0,11.0
2013,4,red_bull,78.0,1.0,1.0
2013,4,lotus_f1,60.0,1.0,3.0
2013,4,ferrari,73.0,1.0,2.0
2013,4,mercedes,52.0,0.0,4.0
2013,4,force_india,14.0,0.0,6.0
2013,4,mclaren,14.0,0.0,5.0
2013,4,toro_rosso,7.0,0.0,7.0
2013,4,sauber,5.0,0.0,8.0
2013,4,williams,0.0,0.0,9.0
2013,4,marussia,0.0,0.0,10.0
2013,4,caterham,0.0,0.0,11.0
2013,5,red_bull,109.0,2.0,1.0
2013,5,ferrari,77.0,1.0,3.0
2013,5,lotus_f1,93.0,1.0,2.0
2013,5,mercedes,64.0,0.0,4.0
2013,5,force_india,26.0,0.0,5.0
2013,5,mclaren,23.0,0.0,6.0
2013,5,toro_rosso,7.0,0.0,7.0
2013,5,sauber,5.0,0.0,8.0
2013,5,williams,0.0,0.0,9.0
2013,5,marussia,0.0,0.0,10.0
2013,5,caterham,0.0,0.0,11.0
2013,6,red_bull,131.0,2.0,1.0
2013,6,ferrari,117.0,2.0,2.0
2013,6,lotus_f1,111.0,1.0,3.0
2013,6,mercedes,72.0,0.0,4.0
2013,6,force_india,32.0,0.0,5.0
2013,6,mclaren,29.0,0.0,6.0
2013,6,toro_rosso,8.0,0.0,7.0
2013,6,sauber,5.0,0.0,8.0
2013,6,williams,0.0,0.0,9.0
2013,6,marussia,0.0,0.0,10.0
2013,6,caterham,0.0,0.0,11.0
2013,7,red_bull,164.0,2.0,1.0
2013,7,ferrari,123.0,2.0,2.0
2013,7,mercedes,109.0,1.0,4.0
2013,7,lotus_f1,112.0,1.0,3.0
2013,7,force_india,44.0,0.0,5.0
2013,7,mclaren,37.0,0.0,6.0
2013,7,toro_rosso,12.0,0.0,7.0
2013,7,sauber,5.0,0.0,8.0
2013,7,williams,0.0,0.0,9.0
2013,7,marussia,0.0,0.0,10.0
2013,7,caterham,0.0,0.0,11.0
2013,8,red_bull,201.0,3.0,1.0
2013,8,mercedes,134.0,1.0,3.0
2013,8,ferrari,145.0,2.0,2.0
2013,8,lotus_f1,114.0,1.0,4.0
2013,8,force_india,51.0,0.0,5.0
2013,8,mclaren,37.0,0.0,6.0
2013,8,toro_rosso,20.0,0.0,7.0
2013,8,sauber,5.0,0.0,8.0
2013,8,williams,0.0,0.0,9.0
2013,8,marussia,0.0,0.0,10.0
2013,8,caterham,0.0,0.0,11.0
2013,9,red_bull,219.0,3.0,1.0
2013,9,mercedes,171.0,2.0,2.0
2013,9,ferrari,168.0,2.0,3.0
2013,9,lotus_f1,124.0,1.0,4.0
2013,9,force_india,59.0,0.0,5.0
2013,9,mclaren,37.0,0.0,6.0
2013,9,toro_rosso,24.0,0.0,7.0
2013,9,sauber,6.0,0.0,8.0
2013,9,williams,0.0,0.0,9.0
2013,9,marussia,0.0,0.0,10.0
2013,9,caterham,0.0,0.0,11.0
2013,10,red_bull,250.0,4.0,1.0
2013,10,mercedes,183.0,2.0,2.0
2013,10,ferrari,180.0,2.0,3.0
2013,10,lotus_f1,157.0,1.0,4.0
2013,10,force_india,59.0,0.0,5.0
2013,10,mclaren,49.0,0.0,6.0
2013,10,toro_rosso,24.0,0.0,7.0
2013,10,sauber,7.0,0.0,8.0
2013,10,williams,0.0,0.0,9.0
2013,10,marussia,0.0,0.0,10.0
2013,10,caterham,0.0,0.0,11.0
2013,11,red_bull,277.0,4.0,1.0
2013,11,mercedes,208.0,3.0,2.0
2013,11,ferrari,194.0,2.0,3.0
2013,11,lotus_f1,183.0,1.0,4.0
2013,11,mclaren,57.0,0.0,6.0
2013,11,force_india,59.0,0.0,5.0
2013,11,toro_rosso,24.0,0.0,7.0
2013,11,sauber,7.0,0.0,8.0
2013,11,williams,1.0,0.0,9.0
2013,11,marussia,0.0,0.0,10.0
2013,11,caterham,0.0,0.0,11.0
2013,12,red_bull,312.0,5.0,1.0
2013,12,ferrari,218.0,2.0,3.0
2013,12,mercedes,235.0,3.0,2.0
2013,12,lotus_f1,187.0,1.0,4.0
2013,12,mclaren,65.0,0.0,5.0
2013,12,force_india,61.0,0.0,6.0
2013,12,toro_rosso,25.0,0.0,7.0
2013,12,sauber,7.0,0.0,8.0
2013,12,williams,1.0,0.0,9.0
2013,12,marussia,0.0,0.0,10.0
2013,12,caterham,0.0,0.0,11.0
2013,13,red_bull,352.0,6.0,1.0
2013,13,ferrari,248.0,2.0,2.0
2013,13,mercedes,245.0,3.0,3.0
2013,13,lotus_f1,191.0,1.0,4.0
2013,13,mclaren,66.0,0.0,5.0
2013,13,force_india,61.0,0.0,6.0
2013,13,toro_rosso,31.0,0.0,7.0
2013,13,sauber,17.0,0.0,8.0
2013,13,williams,1.0,0.0,9.0
2013,13,marussia,0.0,0.0,10.0
2013,13,caterham,0.0,0.0,11.0
2013,14,red_bull,377.0,7.0,1.0
2013,14,ferrari,274.0,2.0,2.0
2013,14,mercedes,267.0,3.0,3.0
2013,14,lotus_f1,206.0,1.0,4.0
2013,14,mclaren,76.0,0.0,5.0
2013,14,force_india,62.0,0.0,6.0
2013,14,sauber,19.0,0.0,8.0
2013,14,toro_rosso,31.0,0.0,7.0
2013,14,williams,1.0,0.0,9.0
2013,14,marussia,0.0,0.0,10.0
2013,14,caterham,0.0,0.0,11.0
2013,15,red_bull,402.0,8.0,1.0
2013,15,ferrari,284.0,2.0,2.0
2013,15,mercedes,283.0,3.0,3.0
2013,15,lotus_f1,239.0,1.0,4.0
2013,15,mclaren,81.0,0.0,5.0
2013,15,force_india,62.0,0.0,6.0
2013,15,sauber,31.0,0.0,7.0
2013,15,toro_rosso,31.0,0.0,8.0
2013,15,williams,1.0,0.0,9.0
2013,15,marussia,0.0,0.0,10.0
2013,15,caterham,0.0,0.0,11.0
2013,16,red_bull,445.0,9.0,1.0
2013,16,mercedes,287.0,3.0,3.0
2013,16,ferrari,297.0,2.0,2.0
2013,16,lotus_f1,264.0,1.0,4.0
2013,16,mclaren,83.0,0.0,5.0
2013,16,force_india,62.0,0.0,6.0
2013,16,sauber,45.0,0.0,7.0
2013,16,toro_rosso,31.0,0.0,8.0
2013,16,williams,1.0,0.0,9.0
2013,16,marussia,0.0,0.0,10.0
2013,16,caterham,0.0,0.0,11.0
2013,17,red_bull,470.0,10.0,1.0
2013,17,mercedes,313.0,3.0,2.0
2013,17,ferrari,309.0,2.0,3.0
2013,17,lotus_f1,285.0,1.0,4.0
2013,17,mclaren,93.0,0.0,5.0
2013,17,force_india,68.0,0.0,6.0
2013,17,sauber,45.0,0.0,7.0
2013,17,toro_rosso,32.0,0.0,8.0
2013,17,williams,1.0,0.0,9.0
2013,17,marussia,0.0,0.0,10.0
2013,17,caterham,0.0,0.0,11.0
2013,18,red_bull,513.0,11.0,1.0
2013,18,mercedes,334.0,3.0,2.0
2013,18,ferrari,323.0,2.0,3.0
2013,18,lotus_f1,297.0,1.0,4.0
2013,18,mclaren,95.0,0.0,5.0
2013,18,force_india,77.0,0.0,6.0
2013,18,sauber,45.0,0.0,7.0
2013,18,toro_rosso,32.0,0.0,8.0
2013,18,williams,1.0,0.0,9.0
2013,18,marussia,0.0,0.0,10.0
2013,18,caterham,0.0,0.0,11.0
2013,19,red_bull,553.0,12.0,1.0
2013,19,mercedes,348.0,3.0,2.0
2013,19,ferrari,333.0,2.0,3.0
2013,19,lotus_f1,315.0,1.0,4.0
2013,19,mclaren,102.0,0.0,5.0
2013,19,force_india,77.0,0.0,6.0
2013,19,sauber,53.0,0.0,7.0
2013,19,toro_rosso,32.0,0.0,8.0
2013,19,williams,5.0,0.0,9.0
2013,19,marussia,0.0,0.0,10.0
2013,19,caterham,0.0,0.0,11.0
2014,1,mclaren,0.0,0.0,0.0
2014,1,mercedes,0.0,0.0,0.0
2014,1,ferrari,0.0,0.0,0.0
2014,1,williams,0.0,0.0,0.0
2014,1,force_india,0.0,0.0,0.0
2014,1,toro_rosso,0.0,0.0,0.0
2014,1,sauber,0.0,0.0,0.0
2014,1,marussia,0.0,0.0,0.0
2014,1,lotus_f1,0.0,0.0,0.0
2014,1,caterham,0.0,0.0,0.0
2014,1,red_bull,0.0,0.0,0.0
2014,2,mercedes,25.0,1.0,2.0
2014,2,mclaren,33.0,0.0,1.0
2014,2,ferrari,18.0,0.0,3.0
2014,2,williams,10.0,0.0,4.0
2014,2,force_india,9.0,0.0,5.0
2014,2,red_bull,0.0,0.0,11.0
2014,2,toro_rosso,6.0,0.0,6.0
2014,2,sauber,0.0,0.0,7.0
2014,2,lotus_f1,0.0,0.0,9.0
2014,2,caterham,0.0,0.0,10.0
2014,2,marussia,0.0,0.0,8.0
2014,3,mercedes,68.0,2.0,1.0
2014,3,force_india,19.0,0.0,5.0
2014,3,mclaren,43.0,0.0,2.0
2014,3,red_bull,15.0,0.0,6.0
2014,3,ferrari,30.0,0.0,3.0
2014,3,williams,20.0,0.0,4.0
2014,3,toro_rosso,7.0,0.0,7.0
2014,3,lotus_f1,0.0,0.0,9.0
2014,3,sauber,0.0,0.0,8.0
2014,3,marussia,0.0,0.0,11.0
2014,3,caterham,0.0,0.0,10.0
2014,4,mercedes,111.0,3.0,1.0
2014,4,red_bull,35.0,0.0,4.0
2014,4,force_india,44.0,0.0,2.0
2014,4,ferrari,33.0,0.0,5.0
2014,4,mclaren,43.0,0.0,3.0
2014,4,williams,30.0,0.0,6.0
2014,4,toro_rosso,7.0,0.0,7.0
2014,4,lotus_f1,0.0,0.0,8.0
2014,4,sauber,0.0,0.0,9.0
2014,4,marussia,0.0,0.0,10.0
2014,4,caterham,0.0,0.0,11.0
2014,5,mercedes,154.0,4.0,1.0
2014,5,red_bull,57.0,0.0,2.0
2014,5,ferrari,52.0,0.0,4.0
2014,5,force_india,54.0,0.0,3.0
2014,5,williams,36.0,0.0,6.0
2014,5,mclaren,43.0,0.0,5.0
2014,5,toro_rosso,8.0,0.0,7.0
2014,5,lotus_f1,0.0,0.0,8.0
2014,5,sauber,0.0,0.0,9.0
2014,5,marussia,0.0,0.0,10.0
2014,5,caterham,0.0,0.0,11.0
2014,6,mercedes,197.0,5.0,1.0
2014,6,red_bull,84.0,0.0,2.0
2014,6,ferrari,66.0,0.0,3.0
2014,6,force_india,57.0,0.0,4.0
2014,6,mclaren,43.0,0.0,6.0
2014,6,williams,46.0,0.0,5.0
2014,6,lotus_f1,4.0,0.0,8.0
2014,6,toro_rosso,8.0,0.0,7.0
2014,6,marussia,0.0,0.0,10.0
2014,6,sauber,0.0,0.0,9.0
2014,6,caterham,0.0,0.0,11.0
2014,7,mercedes,240.0,6.0,1.0
2014,7,red_bull,99.0,0.0,2.0
2014,7,ferrari,78.0,0.0,3.0
2014,7,force_india,67.0,0.0,4.0
2014,7,mclaren,52.0,0.0,5.0
2014,7,williams,52.0,0.0,6.0
2014,7,toro_rosso,8.0,0.0,8.0
2014,7,lotus_f1,8.0,0.0,7.0
2014,7,marussia,2.0,0.0,9.0
2014,7,sauber,0.0,0.0,10.0
2014,7,caterham,0.0,0.0,11.0
2014,8,mercedes,258.0,6.0,1.0
2014,8,red_bull,139.0,1.0,2.0
2014,8,ferrari,87.0,0.0,3.0
2014,8,force_india,77.0,0.0,4.0
2014,8,williams,58.0,0.0,6.0
2014,8,mclaren,66.0,0.0,5.0
2014,8,toro_rosso,12.0,0.0,7.0
2014,8,lotus_f1,8.0,0.0,8.0
2014,8,marussia,2.0,0.0,9.0
2014,8,sauber,0.0,0.0,10.0
2014,8,caterham,0.0,0.0,11.0
2014,9,mercedes,301.0,7.0,1.0
2014,9,red_bull,143.0,1.0,2.0
2014,9,ferrari,98.0,0.0,3.0
2014,9,williams,85.0,0.0,5.0
2014,9,force_india,87.0,0.0,4.0
2014,9,mclaren,72.0,0.0,6.0
2014,9,toro_rosso,12.0,0.0,7.0
2014,9,lotus_f1,8.0,0.0,8.0
2014,9,marussia,2.0,0.0,9.0
2014,9,sauber,0.0,0.0,10.0
2014,9,caterham,0.0,0.0,11.0
2014,10,mercedes,326.0,8.0,1.0
2014,10,red_bull,168.0,1.0,2.0
2014,10,williams,103.0,0.0,4.0
2014,10,ferrari,106.0,0.0,3.0
2014,10,force_india,91.0,0.0,5.0
2014,10,mclaren,90.0,0.0,6.0
2014,10,toro_rosso,15.0,0.0,7.0
2014,10,lotus_f1,8.0,0.0,8.0
2014,10,marussia,2.0,0.0,9.0
2014,10,sauber,0.0,0.0,10.0
2014,10,caterham,0.0,0.0,11.0
2014,11,mercedes,366.0,9.0,1.0
2014,11,red_bull,188.0,1.0,2.0
2014,11,ferrari,116.0,0.0,4.0
2014,11,williams,121.0,0.0,3.0
2014,11,force_india,98.0,0.0,5.0
2014,11,mclaren,96.0,0.0,6.0
2014,11,toro_rosso,15.0,0.0,7.0
2014,11,lotus_f1,8.0,0.0,8.0
2014,11,marussia,2.0,0.0,9.0
2014,11,sauber,0.0,0.0,10.0
2014,11,caterham,0.0,0.0,11.0
2014,12,mercedes,393.0,9.0,1.0
2014,12,red_bull,219.0,2.0,2.0
2014,12,ferrari,142.0,0.0,3.0
2014,12,williams,135.0,0.0,4.0
2014,12,mclaren,97.0,0.0,6.0
2014,12,force_india,98.0,0.0,5.0
2014,12,toro_rosso,17.0,0.0,7.0
2014,12,lotus_f1,8.0,0.0,8.0
2014,12,marussia,2.0,0.0,9.0
2014,12,sauber,0.0,0.0,10.0
2014,12,caterham,0.0,0.0,11.0
2014,13,mercedes,411.0,9.0,1.0
2014,13,red_bull,254.0,3.0,2.0
2014,13,williams,150.0,0.0,4.0
2014,13,ferrari,160.0,0.0,3.0
2014,13,mclaren,105.0,0.0,5.0
2014,13,force_india,103.0,0.0,6.0
2014,13,toro_rosso,19.0,0.0,7.0
2014,13,lotus_f1,8.0,0.0,8.0
2014,13,marussia,2.0,0.0,9.0
2014,13,sauber,0.0,0.0,10.0
2014,13,caterham,0.0,0.0,11.0
2014,14,mercedes,454.0,10.0,1.0
2014,14,red_bull,272.0,3.0,2.0
2014,14,williams,177.0,0.0,3.0
2014,14,ferrari,162.0,0.0,4.0
2014,14,force_india,109.0,0.0,6.0
2014,14,mclaren,110.0,0.0,5.0
2014,14,toro_rosso,19.0,0.0,7.0
2014,14,lotus_f1,8.0,0.0,8.0
2014,14,marussia,2.0,0.0,9.0
2014,14,sauber,0.0,0.0,10.0
2014,14,caterham,0.0,0.0,11.0
2014,15,mercedes,479.0,11.0,1.0
2014,15,red_bull,305.0,3.0,2.0
2014,15,williams,187.0,0.0,3.0
2014,15,ferrari,178.0,0.0,4.0
2014,15,force_india,117.0,0.0,5.0
2014,15,mclaren,111.0,0.0,6.0
2014,15,toro_rosso,27.0,0.0,7.0
2014,15,lotus_f1,8.0,0.0,8.0
2014,15,marussia,2.0,0.0,9.0
2014,15,sauber,0.0,0.0,10.0
2014,15,caterham,0.0,0.0,11.0
2014,16,mercedes,522.0,12.0,1.0
2014,16,red_bull,332.0,3.0,2.0
2014,16,williams,201.0,0.0,3.0
2014,16,ferrari,178.0,0.0,4.0
2014,16,mclaren,121.0,0.0,6.0
2014,16,force_india,122.0,0.0,5.0
2014,16,toro_rosso,29.0,0.0,7.0
2014,16,lotus_f1,8.0,0.0,8.0
2014,16,marussia,2.0,0.0,9.0
2014,16,sauber,0.0,0.0,10.0
2014,16,caterham,0.0,0.0,11.0
2014,17,mercedes,565.0,13.0,1.0
2014,17,red_bull,342.0,3.0,2.0
2014,17,williams,216.0,0.0,3.0
2014,17,ferrari,188.0,0.0,4.0
2014,17,mclaren,143.0,0.0,5.0
2014,17,force_india,123.0,0.0,6.0
2014,17,toro_rosso,29.0,0.0,7.0
2014,17,lotus_f1,8.0,0.0,8.0
2014,17,marussia,2.0,0.0,9.0
2014,17,sauber,0.0,0.0,10.0
2014,17,caterham,0.0,0.0,11.0
2014,18,mercedes,608.0,14.0,1.0
2014,18,red_bull,363.0,3.0,2.0
2014,18,williams,238.0,0.0,3.0
2014,18,ferrari,196.0,0.0,4.0
2014,18,mclaren,147.0,0.0,5.0
2014,18,force_india,123.0,0.0,6.0
2014,18,toro_rosso,30.0,0.0,7.0
2014,18,lotus_f1,10.0,0.0,8.0
2014,18,marussia,2.0,0.0,9.0
2014,18,sauber,0.0,0.0,10.0
2014,18,caterham,0.0,0.0,11.0
2014,19,mercedes,651.0,15.0,1.0
2014,19,red_bull,373.0,3.0,2.0
2014,19,williams,254.0,0.0,3.0
2014,19,ferrari,210.0,0.0,4.0
2014,19,mclaren,161.0,0.0,5.0
2014,19,force_india,127.0,0.0,6.0
2014,19,toro_rosso,30.0,0.0,7.0
2014,19,lotus_f1,10.0,0.0,8.0
2014,19,marussia,2.0,0.0,9.0
2014,19,sauber,0.0,0.0,10.0
2014,19,caterham,0.0,0.0,11.0
2015,1,mercedes,0.0,0.0,0.0
2015,1,ferrari,0.0,0.0,0.0
2015,1,sauber,0.0,0.0,0.0
2015,1,williams,0.0,0.0,0.0
2015,1,red_bull,0.0,0.0,0.0
2015,1,force_india,0.0,0.0,0.0
2015,1,toro_rosso,0.0,0.0,0.0
2015,1,mclaren,0.0,0.0,0.0
2015,1,lotus_f1,0.0,0.0,0.0
2015,2,mercedes,43.0,1.0,1.0
2015,2,ferrari,15.0,0.0,2.0
2015,2,williams,12.0,0.0,4.0
2015,2,sauber,14.0,0.0,3.0
2015,2,toro_rosso,2.0,0.0,7.0
2015,2,red_bull,8.0,0.0,5.0
2015,2,force_india,7.0,0.0,6.0
2015,2,lotus_f1,0.0,0.0,9.0
2015,2,mclaren,0.0,0.0,8.0
2015,2,manor,0.0,0.0,0.0
2015,3,mercedes,76.0,1.0,1.0
2015,3,ferrari,52.0,1.0,2.0
2015,3,williams,30.0,0.0,3.0
2015,3,sauber,14.0,0.0,4.0
2015,3,red_bull,11.0,0.0,6.0
2015,3,toro_rosso,12.0,0.0,5.0
2015,3,force_india,7.0,0.0,7.0
2015,3,lotus_f1,0.0,0.0,8.0
2015,3,mclaren,0.0,0.0,9.0
2015,3,manor,0.0,0.0,10.0
2015,4,mercedes,119.0,2.0,1.0
2015,4,ferrari,79.0,1.0,2.0
2015,4,williams,48.0,0.0,3.0
2015,4,red_bull,13.0,0.0,5.0
2015,4,sauber,19.0,0.0,4.0
2015,4,lotus_f1,6.0,0.0,8.0
2015,4,toro_rosso,12.0,0.0,6.0
2015,4,force_india,7.0,0.0,7.0
2015,4,mclaren,0.0,0.0,9.0
2015,4,manor,0.0,0.0,10.0
2015,5,mercedes,159.0,3.0,1.0
2015,5,ferrari,107.0,1.0,2.0
2015,5,williams,61.0,0.0,3.0
2015,5,red_bull,23.0,0.0,4.0
2015,5,sauber,19.0,0.0,5.0
2015,5,lotus_f1,12.0,0.0,6.0
2015,5,toro_rosso,12.0,0.0,7.0
2015,5,force_india,11.0,0.0,8.0
2015,5,mclaren,0.0,0.0,9.0
2015,5,manor,0.0,0.0,10.0
2015,6,mercedes,202.0,4.0,1.0
2015,6,ferrari,132.0,1.0,2.0
2015,6,williams,81.0,0.0,3.0
2015,6,red_bull,30.0,0.0,4.0
2015,6,sauber,19.0,0.0,5.0
2015,6,force_india,11.0,0.0,8.0
2015,6,lotus_f1,16.0,0.0,6.0
2015,6,toro_rosso,14.0,0.0,7.0
2015,6,mclaren,0.0,0.0,9.0
2015,6,manor,0.0,0.0,10.0
2015,7,mercedes,242.0,5.0,1.0
2015,7,ferrari,158.0,1.0,2.0
2015,7,williams,81.0,0.0,3.0
2015,7,red_bull,52.0,0.0,4.0
2015,7,lotus_f1,16.0,0.0,7.0
2015,7,sauber,21.0,0.0,5.0
2015,7,force_india,17.0,0.0,6.0
2015,7,toro_rosso,15.0,0.0,8.0
2015,7,mclaren,4.0,0.0,9.0
2015,7,manor,0.0,0.0,10.0
2015,8,mercedes,285.0,6.0,1.0
2015,8,ferrari,180.0,1.0,2.0
2015,8,williams,104.0,0.0,3.0
2015,8,red_bull,54.0,0.0,4.0
2015,8,force_india,21.0,0.0,7.0
2015,8,lotus_f1,23.0,0.0,5.0
2015,8,sauber,21.0,0.0,6.0
2015,8,toro_rosso,15.0,0.0,8.0
2015,8,mclaren,4.0,0.0,9.0
2015,8,manor,0.0,0.0,10.0
2015,9,mercedes,328.0,7.0,1.0
2015,9,ferrari,192.0,1.0,2.0
2015,9,williams,129.0,0.0,3.0
2015,9,red_bull,55.0,0.0,4.0
2015,9,force_india,31.0,0.0,5.0
2015,9,lotus_f1,29.0,0.0,6.0
2015,9,sauber,21.0,0.0,7.0
2015,9,toro_rosso,19.0,0.0,8.0
2015,9,mclaren,4.0,0.0,9.0
2015,9,manor,0.0,0.0,10.0
2015,10,mercedes,371.0,8.0,1.0
2015,10,ferrari,211.0,1.0,2.0
2015,10,williams,151.0,0.0,3.0
2015,10,red_bull,63.0,0.0,4.0
2015,10,force_india,39.0,0.0,5.0
2015,10,lotus_f1,29.0,0.0,6.0
2015,10,toro_rosso,19.0,0.0,8.0
2015,10,sauber,21.0,0.0,7.0
2015,10,mclaren,5.0,0.0,9.0
2015,10,manor,0.0,0.0,10.0
2015,11,mercedes,383.0,8.0,1.0
2015,11,ferrari,236.0,2.0,2.0
2015,11,williams,151.0,0.0,3.0
2015,11,red_bull,96.0,0.0,4.0
2015,11,lotus_f1,35.0,0.0,6.0
2015,11,force_india,39.0,0.0,5.0
2015,11,toro_rosso,31.0,0.0,7.0
2015,11,sauber,22.0,0.0,8.0
2015,11,mclaren,17.0,0.0,9.0
2015,11,manor,0.0,0.0,10.0
2015,12,mercedes,426.0,9.0,1.0
2015,12,ferrari,242.0,2.0,2.0
2015,12,williams,161.0,0.0,3.0
2015,12,red_bull,108.0,0.0,4.0
2015,12,force_india,49.0,0.0,6.0
2015,12,lotus_f1,50.0,0.0,5.0
2015,12,toro_rosso,35.0,0.0,7.0
2015,12,sauber,23.0,0.0,8.0
2015,12,mclaren,17.0,0.0,9.0
2015,12,manor,0.0,0.0,10.0
2015,13,mercedes,451.0,10.0,1.0
2015,13,ferrari,270.0,2.0,2.0
2015,13,williams,188.0,0.0,3.0
2015,13,red_bull,113.0,0.0,4.0
2015,13,force_india,63.0,0.0,5.0
2015,13,lotus_f1,50.0,0.0,6.0
2015,13,toro_rosso,35.0,0.0,7.0
2015,13,sauber,25.0,0.0,8.0
2015,13,mclaren,17.0,0.0,9.0
2015,13,manor,0.0,0.0,10.0
2015,14,mercedes,463.0,10.0,1.0
2015,14,ferrari,310.0,3.0,2.0
2015,14,williams,198.0,0.0,3.0
2015,14,red_bull,139.0,0.0,4.0
2015,14,force_india,69.0,0.0,5.0
2015,14,lotus_f1,50.0,0.0,6.0
2015,14,toro_rosso,41.0,0.0,7.0
2015,14,sauber,26.0,0.0,8.0
2015,14,mclaren,17.0,0.0,9.0
2015,14,manor,0.0,0.0,10.0
2015,15,mercedes,506.0,11.0,1.0
2015,15,ferrari,337.0,3.0,2.0
2015,15,williams,208.0,0.0,3.0
2015,15,red_bull,139.0,0.0,4.0
2015,15,force_india,77.0,0.0,5.0
2015,15,lotus_f1,60.0,0.0,6.0
2015,15,toro_rosso,44.0,0.0,7.0
2015,15,sauber,26.0,0.0,8.0
2015,15,mclaren,17.0,0.0,9.0
2015,15,manor,0.0,0.0,10.0
2015,16,mercedes,531.0,12.0,1.0
2015,16,ferrari,359.0,3.0,2.0
2015,16,williams,220.0,0.0,3.0
2015,16,red_bull,149.0,0.0,4.0
2015,16,force_india,92.0,0.0,5.0
2015,16,lotus_f1,66.0,0.0,6.0
2015,16,toro_rosso,45.0,0.0,7.0
2015,16,sauber,34.0,0.0,8.0
2015,16,mclaren,19.0,0.0,9.0
2015,16,manor,0.0,0.0,10.0
2015,17,mercedes,574.0,13.0,1.0
2015,17,ferrari,374.0,3.0,2.0
2015,17,williams,220.0,0.0,3.0
2015,17,red_bull,150.0,0.0,4.0
2015,17,force_india,102.0,0.0,5.0
2015,17,lotus_f1,70.0,0.0,6.0
2015,17,toro_rosso,63.0,0.0,7.0
2015,17,sauber,36.0,0.0,8.0
2015,17,mclaren,27.0,0.0,9.0
2015,17,manor,0.0,0.0,10.0
2015,18,mercedes,617.0,14.0,1.0
2015,18,ferrari,374.0,3.0,2.0
2015,18,williams,243.0,0.0,3.0
2015,18,red_bull,172.0,0.0,4.0
2015,18,force_india,112.0,0.0,5.0
2015,18,lotus_f1,71.0,0.0,6.0
2015,18,toro_rosso,65.0,0.0,7.0
2015,18,sauber,36.0,0.0,8.0
2015,18,mclaren,27.0,0.0,9.0
2015,18,manor,0.0,0.0,10.0
2015,19,mercedes,660.0,15.0,1.0
2015,19,ferrari,401.0,3.0,2.0
2015,19,williams,253.0,0.0,3.0
2015,19,red_bull,178.0,0.0,4.0
2015,19,force_india,120.0,0.0,5.0
2015,19,lotus_f1,76.0,0.0,6.0
2015,19,toro_rosso,67.0,0.0,7.0
2015,19,sauber,36.0,0.0,8.0
2015,19,mclaren,27.0,0.0,9.0
2015,19,manor,0.0,0.0,10.0
2016,1,mercedes,0.0,0.0,0.0
2016,1,ferrari,0.0,0.0,0.0
2016,1,williams,0.0,0.0,0.0
2016,1,red_bull,0.0,0.0,0.0
2016,1,haas,0.0,0.0,0.0
2016,1,force_india,0.0,0.0,0.0
2016,1,toro_rosso,0.0,0.0,0.0
2016,1,renault,0.0,0.0,0.0
2016,1,mclaren,0.0,0.0,0.0
2016,1,sauber,0.0,0.0,0.0
2016,1,manor,0.0,0.0,0.0
2016,2,mercedes,43.0,1.0,1.0
2016,2,ferrari,15.0,0.0,2.0
2016,2,red_bull,12.0,0.0,4.0
2016,2,williams,14.0,0.0,3.0
2016,2,haas,8.0,0.0,5.0
2016,2,toro_rosso,3.0,0.0,7.0
2016,2,force_india,6.0,0.0,6.0
2016,2,mclaren,0.0,0.0,9.0
2016,2,renault,0.0,0.0,8.0
2016,2,sauber,0.0,0.0,10.0
2016,2,manor,0.0,0.0,11.0
2016,3,mercedes,83.0,2.0,1.0
2016,3,ferrari,33.0,0.0,2.0
2016,3,red_bull,30.0,0.0,3.0
2016,3,williams,20.0,0.0,4.0
2016,3,haas,18.0,0.0,5.0
2016,3,toro_rosso,11.0,0.0,6.0
2016,3,force_india,6.0,0.0,7.0
2016,3,mclaren,1.0,0.0,8.0
2016,3,renault,0.0,0.0,9.0
2016,3,sauber,0.0,0.0,10.0
2016,3,manor,0.0,0.0,11.0
2016,4,mercedes,114.0,3.0,1.0
2016,4,ferrari,61.0,0.0,2.0
2016,4,red_bull,57.0,0.0,3.0
2016,4,williams,29.0,0.0,4.0
2016,4,haas,18.0,0.0,5.0
2016,4,toro_rosso,17.0,0.0,6.0
2016,4,mclaren,1.0,0.0,8.0
2016,4,force_india,6.0,0.0,7.0
2016,4,renault,0.0,0.0,9.0
2016,4,sauber,0.0,0.0,10.0
2016,4,manor,0.0,0.0,11.0
2016,5,mercedes,157.0,4.0,1.0
2016,5,ferrari,76.0,0.0,2.0
2016,5,red_bull,57.0,0.0,3.0
2016,5,williams,51.0,0.0,4.0
2016,5,toro_rosso,17.0,0.0,6.0
2016,5,haas,22.0,0.0,5.0
2016,5,force_india,8.0,0.0,8.0
2016,5,mclaren,10.0,0.0,7.0
2016,5,renault,6.0,0.0,9.0
2016,5,sauber,0.0,0.0,10.0
2016,5,manor,0.0,0.0,11.0
2016,6,mercedes,157.0,4.0,1.0
2016,6,ferrari,109.0,0.0,2.0
2016,6,red_bull,94.0,1.0,3.0
2016,6,williams,65.0,0.0,4.0
2016,6,force_india,14.0,0.0,7.0
2016,6,toro_rosso,26.0,0.0,5.0
2016,6,mclaren,12.0,0.0,8.0
2016,6,haas,22.0,0.0,6.0
2016,6,renault,6.0,0.0,9.0
2016,6,sauber,0.0,0.0,10.0
2016,6,manor,0.0,0.0,11.0
2016,7,mercedes,188.0,5.0,1.0
2016,7,ferrari,121.0,0.0,2.0
2016,7,red_bull,112.0,1.0,3.0
2016,7,williams,66.0,0.0,4.0
2016,7,force_india,37.0,0.0,5.0
2016,7,toro_rosso,30.0,0.0,6.0
2016,7,mclaren,24.0,0.0,7.0
2016,7,haas,22.0,0.0,8.0
2016,7,renault,6.0,0.0,9.0
2016,7,sauber,0.0,0.0,10.0
2016,7,manor,0.0,0.0,11.0
2016,8,mercedes,223.0,6.0,1.0
2016,8,ferrari,147.0,0.0,2.0
2016,8,red_bull,130.0,1.0,3.0
2016,8,williams,81.0,0.0,4.0
2016,8,force_india,42.0,0.0,5.0
2016,8,toro_rosso,32.0,0.0,6.0
2016,8,mclaren,24.0,0.0,7.0
2016,8,haas,22.0,0.0,8.0
2016,8,renault,6.0,0.0,9.0
2016,8,sauber,0.0,0.0,10.0
2016,8,manor,0.0,0.0,11.0
2016,9,mercedes,258.0,7.0,1.0
2016,9,ferrari,177.0,0.0,2.0
2016,9,red_bull,140.0,1.0,3.0
2016,9,williams,90.0,0.0,4.0
2016,9,force_india,59.0,0.0,5.0
2016,9,toro_rosso,32.0,0.0,6.0
2016,9,mclaren,24.0,0.0,7.0
2016,9,haas,22.0,0.0,8.0
2016,9,renault,6.0,0.0,9.0
2016,9,manor,0.0,0.0,11.0
2016,9,sauber,0.0,0.0,10.0
2016,10,mercedes,295.0,8.0,1.0
2016,10,ferrari,192.0,0.0,2.0
2016,10,red_bull,168.0,1.0,3.0
2016,10,williams,92.0,0.0,4.0
2016,10,force_india,59.0,0.0,5.0
2016,10,toro_rosso,36.0,0.0,6.0
2016,10,mclaren,32.0,0.0,7.0
2016,10,haas,28.0,0.0,8.0
2016,10,renault,6.0,0.0,9.0
2016,10,manor,1.0,0.0,10.0
2016,10,sauber,0.0,0.0,11.0
2016,11,mercedes,335.0,9.0,1.0
2016,11,ferrari,204.0,0.0,2.0
2016,11,red_bull,198.0,1.0,3.0
2016,11,williams,92.0,0.0,4.0
2016,11,force_india,73.0,0.0,5.0
2016,11,toro_rosso,41.0,0.0,6.0
2016,11,mclaren,32.0,0.0,7.0
2016,11,haas,28.0,0.0,8.0
2016,11,renault,6.0,0.0,9.0
2016,11,manor,1.0,0.0,10.0
2016,11,sauber,0.0,0.0,11.0
2016,12,mercedes,378.0,10.0,1.0
2016,12,red_bull,223.0,1.0,3.0
2016,12,ferrari,224.0,0.0,2.0
2016,12,williams,94.0,0.0,4.0
2016,12,force_india,74.0,0.0,5.0
2016,12,toro_rosso,45.0,0.0,6.0
2016,12,mclaren,38.0,0.0,7.0
2016,12,haas,28.0,0.0,8.0
2016,12,renault,6.0,0.0,9.0
2016,12,manor,1.0,0.0,10.0
2016,12,sauber,0.0,0.0,11.0
2016,13,mercedes,415.0,11.0,1.0
2016,13,red_bull,256.0,1.0,2.0
2016,13,ferrari,242.0,0.0,3.0
2016,13,force_india,81.0,0.0,5.0
2016,13,williams,96.0,0.0,4.0
2016,13,mclaren,42.0,0.0,7.0
2016,13,toro_rosso,45.0,0.0,6.0
2016,13,haas,28.0,0.0,8.0
2016,13,renault,6.0,0.0,9.0
2016,13,manor,1.0,0.0,10.0
2016,13,sauber,0.0,0.0,11.0
2016,14,mercedes,455.0,12.0,1.0
2016,14,red_bull,274.0,1.0,2.0
2016,14,ferrari,252.0,0.0,3.0
2016,14,williams,101.0,0.0,5.0
2016,14,force_india,103.0,0.0,4.0
2016,14,mclaren,48.0,0.0,6.0
2016,14,toro_rosso,45.0,0.0,7.0
2016,14,haas,28.0,0.0,8.0
2016,14,renault,6.0,0.0,9.0
2016,14,manor,1.0,0.0,10.0
2016,14,sauber,0.0,0.0,11.0
2016,15,mercedes,498.0,13.0,1.0
2016,15,red_bull,290.0,1.0,2.0
2016,15,ferrari,279.0,0.0,3.0
2016,15,force_india,108.0,0.0,5.0
2016,15,williams,111.0,0.0,4.0
2016,15,mclaren,48.0,0.0,6.0
2016,15,toro_rosso,45.0,0.0,7.0
2016,15,haas,28.0,0.0,8.0
2016,15,renault,6.0,0.0,9.0
2016,15,manor,1.0,0.0,10.0
2016,15,sauber,0.0,0.0,11.0
2016,16,mercedes,538.0,14.0,1.0
2016,16,red_bull,316.0,1.0,2.0
2016,16,ferrari,301.0,0.0,3.0
2016,16,force_india,112.0,0.0,4.0
2016,16,williams,111.0,0.0,5.0
2016,16,mclaren,54.0,0.0,6.0
2016,16,toro_rosso,47.0,0.0,7.0
2016,16,haas,28.0,0.0,8.0
2016,16,renault,7.0,0.0,9.0
2016,16,manor,1.0,0.0,10.0
2016,16,sauber,0.0,0.0,11.0
2016,17,mercedes,553.0,14.0,1.0
2016,17,red_bull,359.0,2.0,2.0
2016,17,ferrari,313.0,0.0,3.0
2016,17,force_india,124.0,0.0,4.0
2016,17,williams,121.0,0.0,5.0
2016,17,mclaren,62.0,0.0,6.0
2016,17,toro_rosso,47.0,0.0,7.0
2016,17,haas,28.0,0.0,8.0
2016,17,renault,8.0,0.0,9.0
2016,17,manor,1.0,0.0,10.0
2016,17,sauber,0.0,0.0,11.0
2016,18,mercedes,593.0,15.0,1.0
2016,18,red_bull,385.0,2.0,2.0
2016,18,ferrari,335.0,0.0,3.0
2016,18,force_india,134.0,0.0,4.0
2016,18,williams,124.0,0.0,5.0
2016,18,mclaren,62.0,0.0,6.0
2016,18,toro_rosso,47.0,0.0,7.0
2016,18,haas,28.0,0.0,8.0
2016,18,renault,8.0,0.0,9.0
2016,18,manor,1.0,0.0,10.0
2016,18,sauber,0.0,0.0,11.0
2016,19,mercedes,636.0,16.0,1.0
2016,19,red_bull,400.0,2.0,2.0
2016,19,ferrari,347.0,0.0,3.0
2016,19,force_india,138.0,0.0,4.0
2016,19,williams,130.0,0.0,5.0
2016,19,mclaren,74.0,0.0,6.0
2016,19,toro_rosso,55.0,0.0,7.0
2016,19,haas,29.0,0.0,8.0
2016,19,renault,8.0,0.0,9.0
2016,19,manor,1.0,0.0,10.0
2016,19,sauber,0.0,0.0,11.0
2016,20,mercedes,679.0,17.0,1.0
2016,20,red_bull,427.0,2.0,2.0
2016,20,ferrari,365.0,0.0,3.0
2016,20,force_india,145.0,0.0,4.0
2016,20,williams,136.0,0.0,5.0
2016,20,mclaren,74.0,0.0,6.0
2016,20,toro_rosso,55.0,0.0,7.0
2016,20,haas,29.0,0.0,8.0
2016,20,renault,8.0,0.0,9.0
2016,20,sauber,0.0,0.0,11.0
2016,20,manor,1.0,0.0,10.0
2016,21,mercedes,722.0,18.0,1.0
2016,21,red_bull,446.0,2.0,2.0
2016,21,ferrari,375.0,0.0,3.0
2016,21,force_india,163.0,0.0,4.0
2016,21,williams,136.0,0.0,5.0
2016,21,mclaren,75.0,0.0,6.0
2016,21,toro_rosso,63.0,0.0,7.0
2016,21,haas,29.0,0.0,8.0
2016,21,renault,8.0,0.0,9.0
2016,21,sauber,2.0,0.0,10.0
2016,21,manor,1.0,0.0,11.0
2017,1,ferrari,0.0,0.0,0.0
2017,1,mercedes,0.0,0.0,0.0
2017,1,red_bull,0.0,0.0,0.0
2017,1,williams,0.0,0.0,0.0
2017,1,force_india,0.0,0.0,0.0
2017,1,toro_rosso,0.0,0.0,0.0
2017,1,renault,0.0,0.0,0.0
2017,1,sauber,0.0,0.0,0.0
2017,1,mclaren,0.0,0.0,0.0
2017,1,haas,0.0,0.0,0.0
2017,2,mercedes,33.0,0.0,2.0
2017,2,ferrari,37.0,1.0,1.0
2017,2,red_bull,10.0,0.0,3.0
2017,2,toro_rosso,6.0,0.0,6.0
2017,2,force_india,7.0,0.0,5.0
2017,2,williams,8.0,0.0,4.0
2017,2,haas,0.0,0.0,10.0
2017,2,renault,0.0,0.0,7.0
2017,2,sauber,0.0,0.0,8.0
2017,2,mclaren,0.0,0.0,9.0
2017,3,ferrari,65.0,1.0,2.0
2017,3,mercedes,66.0,1.0,1.0
2017,3,red_bull,37.0,0.0,3.0
2017,3,force_india,10.0,0.0,5.0
2017,3,williams,8.0,0.0,6.0
2017,3,toro_rosso,12.0,0.0,4.0
2017,3,haas,4.0,0.0,7.0
2017,3,renault,0.0,0.0,8.0
2017,3,sauber,0.0,0.0,9.0
2017,3,mclaren,0.0,0.0,10.0
2017,4,mercedes,99.0,1.0,2.0
2017,4,ferrari,102.0,2.0,1.0
2017,4,red_bull,47.0,0.0,3.0
2017,4,force_india,17.0,0.0,4.0
2017,4,williams,16.0,0.0,5.0
2017,4,toro_rosso,12.0,0.0,6.0
2017,4,haas,8.0,0.0,7.0
2017,4,renault,2.0,0.0,8.0
2017,4,sauber,0.0,0.0,9.0
2017,4,mclaren,0.0,0.0,10.0
2017,5,mercedes,136.0,2.0,1.0
2017,5,ferrari,135.0,2.0,2.0
2017,5,red_bull,57.0,0.0,3.0
2017,5,force_india,31.0,0.0,4.0
2017,5,toro_rosso,13.0,0.0,6.0
2017,5,williams,18.0,0.0,5.0
2017,5,renault,6.0,0.0,8.0
2017,5,haas,8.0,0.0,7.0
2017,5,sauber,0.0,0.0,9.0
2017,5,mclaren,0.0,0.0,10.0
2017,6,ferrari,153.0,2.0,2.0
2017,6,mercedes,161.0,3.0,1.0
2017,6,red_bull,72.0,0.0,3.0
2017,6,force_india,53.0,0.0,4.0
2017,6,toro_rosso,21.0,0.0,5.0
2017,6,williams,18.0,0.0,6.0
2017,6,renault,14.0,0.0,7.0
2017,6,haas,9.0,0.0,8.0
2017,6,sauber,4.0,0.0,9.0
2017,6,mclaren,0.0,0.0,10.0
2017,7,mercedes,179.0,3.0,2.0
2017,7,ferrari,196.0,3.0,1.0
2017,7,red_bull,97.0,0.0,3.0
2017,7,force_india,53.0,0.0,4.0
2017,7,toro_rosso,29.0,0.0,5.0
2017,7,williams,20.0,0.0,6.0
2017,7,renault,14.0,0.0,7.0
2017,7,haas,14.0,0.0,8.0
2017,7,sauber,4.0,0.0,9.0
2017,7,mclaren,0.0,0.0,10.0
2017,8,mercedes,222.0,4.0,1.0
2017,8,ferrari,214.0,3.0,2.0
2017,8,red_bull,112.0,0.0,3.0
2017,8,force_india,71.0,0.0,4.0
2017,8,williams,22.0,0.0,6.0
2017,8,toro_rosso,29.0,0.0,5.0
2017,8,haas,15.0,0.0,8.0
2017,8,renault,18.0,0.0,7.0
2017,8,sauber,4.0,0.0,9.0
2017,8,mclaren,0.0,0.0,10.0
2017,9,mercedes,250.0,4.0,1.0
2017,9,ferrari,226.0,3.0,2.0
2017,9,red_bull,137.0,1.0,3.0
2017,9,force_india,79.0,0.0,4.0
2017,9,williams,37.0,0.0,5.0
2017,9,toro_rosso,33.0,0.0,6.0
2017,9,haas,21.0,0.0,7.0
2017,9,renault,18.0,0.0,8.0
2017,9,sauber,5.0,0.0,9.0
2017,9,mclaren,2.0,0.0,10.0
2017,10,mercedes,287.0,5.0,1.0
2017,10,ferrari,254.0,3.0,2.0
2017,10,red_bull,152.0,1.0,3.0
2017,10,force_india,89.0,0.0,4.0
2017,10,williams,40.0,0.0,5.0
2017,10,toro_rosso,33.0,0.0,6.0
2017,10,haas,29.0,0.0,7.0
2017,10,renault,18.0,0.0,8.0
2017,10,sauber,5.0,0.0,9.0
2017,10,mclaren,2.0,0.0,10.0
2017,11,mercedes,330.0,6.0,1.0
2017,11,ferrari,275.0,3.0,2.0
2017,11,red_bull,174.0,1.0,3.0
2017,11,force_india,95.0,0.0,4.0
2017,11,williams,41.0,0.0,5.0
2017,11,toro_rosso,33.0,0.0,6.0
2017,11,haas,29.0,0.0,7.0
2017,11,renault,26.0,0.0,8.0
2017,11,mclaren,2.0,0.0,10.0
2017,11,sauber,5.0,0.0,9.0
2017,12,mercedes,357.0,6.0,1.0
2017,12,ferrari,318.0,4.0,2.0
2017,12,red_bull,184.0,1.0,3.0
2017,12,force_india,101.0,0.0,4.0
2017,12,williams,41.0,0.0,5.0
2017,12,toro_rosso,39.0,0.0,6.0
2017,12,haas,29.0,0.0,7.0
2017,12,renault,26.0,0.0,8.0
2017,12,mclaren,11.0,0.0,9.0
2017,12,sauber,5.0,0.0,10.0
2017,13,mercedes,392.0,7.0,1.0
2017,13,ferrari,348.0,4.0,2.0
2017,13,red_bull,199.0,1.0,3.0
2017,13,force_india,103.0,0.0,4.0
2017,13,williams,45.0,0.0,5.0
2017,13,toro_rosso,40.0,0.0,6.0
2017,13,haas,35.0,0.0,7.0
2017,13,renault,34.0,0.0,8.0
2017,13,mclaren,11.0,0.0,9.0
2017,13,sauber,5.0,0.0,10.0
2017,14,mercedes,435.0,8.0,1.0
2017,14,ferrari,373.0,4.0,2.0
2017,14,red_bull,212.0,1.0,3.0
2017,14,force_india,113.0,0.0,4.0
2017,14,williams,55.0,0.0,5.0
2017,14,toro_rosso,40.0,0.0,6.0
2017,14,renault,34.0,0.0,8.0
2017,14,haas,35.0,0.0,7.0
2017,14,mclaren,11.0,0.0,9.0
2017,14,sauber,5.0,0.0,10.0
2017,15,mercedes,475.0,9.0,1.0
2017,15,ferrari,373.0,4.0,2.0
2017,15,red_bull,230.0,1.0,3.0
2017,15,force_india,124.0,0.0,4.0
2017,15,williams,59.0,0.0,5.0
2017,15,toro_rosso,52.0,0.0,6.0
2017,15,renault,42.0,0.0,7.0
2017,15,haas,37.0,0.0,8.0
2017,15,mclaren,17.0,0.0,9.0
2017,15,sauber,5.0,0.0,10.0
2017,16,mercedes,503.0,9.0,1.0
2017,16,ferrari,385.0,4.0,2.0
2017,16,red_bull,270.0,2.0,3.0
2017,16,force_india,133.0,0.0,4.0
2017,16,williams,65.0,0.0,5.0
2017,16,toro_rosso,52.0,0.0,6.0
2017,16,haas,37.0,0.0,8.0
2017,16,renault,42.0,0.0,7.0
2017,16,mclaren,23.0,0.0,9.0
2017,16,sauber,5.0,0.0,10.0
2017,17,mercedes,540.0,10.0,1.0
2017,17,ferrari,395.0,4.0,2.0
2017,17,red_bull,303.0,2.0,3.0
2017,17,force_india,147.0,0.0,4.0
2017,17,williams,66.0,0.0,5.0
2017,17,toro_rosso,52.0,0.0,6.0
2017,17,renault,42.0,0.0,8.0
2017,17,haas,43.0,0.0,7.0
2017,17,mclaren,23.0,0.0,9.0
2017,17,sauber,5.0,0.0,10.0
2017,18,mercedes,575.0,11.0,1.0
2017,18,ferrari,428.0,4.0,2.0
2017,18,red_bull,315.0,2.0,3.0
2017,18,force_india,159.0,0.0,4.0
2017,18,williams,68.0,0.0,5.0
2017,18,toro_rosso,53.0,0.0,6.0
2017,18,renault,48.0,0.0,7.0
2017,18,haas,43.0,0.0,8.0
2017,18,mclaren,23.0,0.0,9.0
2017,18,sauber,5.0,0.0,10.0
2017,19,mercedes,595.0,11.0,1.0
2017,19,ferrari,455.0,4.0,2.0
2017,19,red_bull,340.0,3.0,3.0
2017,19,force_india,175.0,0.0,4.0
2017,19,williams,76.0,0.0,5.0
2017,19,toro_rosso,53.0,0.0,6.0
2017,19,renault,48.0,0.0,7.0
2017,19,haas,47.0,0.0,8.0
2017,19,mclaren,24.0,0.0,9.0
2017,19,sauber,5.0,0.0,10.0
2017,20,mercedes,625.0,11.0,1.0
2017,20,ferrari,495.0,5.0,2.0
2017,20,red_bull,358.0,3.0,3.0
2017,20,force_india,177.0,0.0,4.0
2017,20,williams,82.0,0.0,5.0
2017,20,renault,49.0,0.0,7.0
2017,20,toro_rosso,53.0,0.0,6.0
2017,20,haas,47.0,0.0,8.0
2017,20,mclaren,28.0,0.0,9.0
2017,20,sauber,5.0,0.0,10.0
2018,1,ferrari,0.0,0.0,0.0
2018,1,mercedes,0.0,0.0,0.0
2018,1,red_bull,0.0,0.0,0.0
2018,1,mclaren,0.0,0.0,0.0
2018,1,renault,0.0,0.0,0.0
2018,1,force_india,0.0,0.0,0.0
2018,1,sauber,0.0,0.0,0.0
2018,1,williams,0.0,0.0,0.0
2018,1,toro_rosso,0.0,0.0,0.0
2018,1,haas,0.0,0.0,0.0
2018,2,ferrari,40.0,1.0,1.0
2018,2,mercedes,22.0,0.0,2.0
2018,2,mclaren,12.0,0.0,4.0
2018,2,red_bull,20.0,0.0,3.0
2018,2,renault,7.0,0.0,5.0
2018,2,toro_rosso,0.0,0.0,9.0
2018,2,haas,0.0,0.0,10.0
2018,2,sauber,0.0,0.0,7.0
2018,2,force_india,0.0,0.0,6.0
2018,2,williams,0.0,0.0,8.0
2018,3,mercedes,55.0,0.0,2.0
2018,3,ferrari,65.0,2.0,1.0
2018,3,red_bull,20.0,0.0,4.0
2018,3,mclaren,22.0,0.0,3.0
2018,3,renault,15.0,0.0,5.0
2018,3,toro_rosso,12.0,0.0,6.0
2018,3,haas,10.0,0.0,7.0
2018,3,sauber,2.0,0.0,8.0
2018,3,force_india,1.0,0.0,9.0
2018,3,williams,0.0,0.0,10.0
2018,4,ferrari,84.0,2.0,2.0
2018,4,mercedes,85.0,0.0,1.0
2018,4,red_bull,55.0,1.0,3.0
2018,4,mclaren,28.0,0.0,4.0
2018,4,renault,25.0,0.0,5.0
2018,4,force_india,1.0,0.0,9.0
2018,4,toro_rosso,12.0,0.0,6.0
2018,4,haas,11.0,0.0,7.0
2018,4,sauber,2.0,0.0,8.0
2018,4,williams,0.0,0.0,10.0
2018,5,mercedes,110.0,1.0,2.0
2018,5,ferrari,114.0,2.0,1.0
2018,5,red_bull,55.0,1.0,3.0
2018,5,renault,35.0,0.0,5.0
2018,5,mclaren,36.0,0.0,4.0
2018,5,haas,11.0,0.0,8.0
2018,5,force_india,16.0,0.0,6.0
2018,5,toro_rosso,13.0,0.0,7.0
2018,5,sauber,10.0,0.0,9.0
2018,5,williams,4.0,0.0,10.0
2018,6,mercedes,153.0,2.0,1.0
2018,6,ferrari,126.0,2.0,2.0
2018,6,red_bull,80.0,1.0,3.0
2018,6,renault,41.0,0.0,4.0
2018,6,mclaren,40.0,0.0,5.0
2018,6,force_india,18.0,0.0,7.0
2018,6,toro_rosso,13.0,0.0,8.0
2018,6,haas,19.0,0.0,6.0
2018,6,sauber,11.0,0.0,9.0
2018,6,williams,4.0,0.0,10.0
2018,7,mercedes,178.0,2.0,1.0
2018,7,ferrari,156.0,2.0,2.0
2018,7,red_bull,107.0,2.0,3.0
2018,7,renault,46.0,0.0,4.0
2018,7,mclaren,40.0,0.0,5.0
2018,7,force_india,26.0,0.0,6.0
2018,7,toro_rosso,19.0,0.0,7.0
2018,7,haas,19.0,0.0,8.0
2018,7,sauber,11.0,0.0,9.0
2018,7,williams,4.0,0.0,10.0
2018,8,mercedes,206.0,2.0,1.0
2018,8,ferrari,189.0,3.0,2.0
2018,8,red_bull,134.0,2.0,3.0
2018,8,renault,56.0,0.0,4.0
2018,8,mclaren,40.0,0.0,5.0
2018,8,force_india,28.0,0.0,6.0
2018,8,haas,19.0,0.0,8.0
2018,8,toro_rosso,19.0,0.0,7.0
2018,8,sauber,12.0,0.0,9.0
2018,8,williams,4.0,0.0,10.0
2018,9,ferrari,214.0,3.0,2.0
2018,9,mercedes,237.0,3.0,1.0
2018,9,red_bull,164.0,2.0,3.0
2018,9,renault,62.0,0.0,4.0
2018,9,haas,27.0,0.0,7.0
2018,9,mclaren,40.0,0.0,5.0
2018,9,force_india,28.0,0.0,6.0
2018,9,toro_rosso,19.0,0.0,8.0
2018,9,sauber,13.0,0.0,9.0
2018,9,williams,4.0,0.0,10.0
2018,10,ferrari,247.0,3.0,1.0
2018,10,mercedes,237.0,3.0,2.0
2018,10,red_bull,189.0,3.0,3.0
2018,10,renault,62.0,0.0,4.0
2018,10,haas,49.0,0.0,5.0
2018,10,force_india,42.0,0.0,7.0
2018,10,mclaren,44.0,0.0,6.0
2018,10,toro_rosso,19.0,0.0,8.0
2018,10,sauber,16.0,0.0,9.0
2018,10,williams,4.0,0.0,10.0
2018,11,mercedes,267.0,3.0,2.0
2018,11,ferrari,287.0,4.0,1.0
2018,11,red_bull,199.0,3.0,3.0
2018,11,renault,70.0,0.0,4.0
2018,11,force_india,49.0,0.0,6.0
2018,11,haas,51.0,0.0,5.0
2018,11,mclaren,48.0,0.0,7.0
2018,11,toro_rosso,19.0,0.0,8.0
2018,11,sauber,16.0,0.0,9.0
2018,11,williams,4.0,0.0,10.0
2018,12,mercedes,310.0,4.0,1.0
2018,12,ferrari,302.0,4.0,2.0
2018,12,red_bull,211.0,3.0,3.0
2018,12,renault,80.0,0.0,4.0
2018,12,haas,59.0,0.0,6.0
2018,12,force_india,59.0,0.0,5.0
2018,12,mclaren,48.0,0.0,7.0
2018,12,toro_rosso,20.0,0.0,8.0
2018,12,sauber,18.0,0.0,9.0
2018,12,williams,4.0,0.0,10.0
2018,13,mercedes,345.0,5.0,1.0
2018,13,ferrari,335.0,4.0,2.0
2018,13,red_bull,223.0,3.0,3.0
2018,13,renault,82.0,0.0,4.0
2018,13,haas,66.0,0.0,5.0
2018,13,mclaren,52.0,0.0,7.0
2018,13,toro_rosso,28.0,0.0,8.0
2018,13,sauber,18.0,0.0,9.0
2018,13,force_india,59.0,0.0,6.0
2018,13,williams,4.0,0.0,10.0
2018,14,mercedes,375.0,5.0,1.0
2018,14,ferrari,360.0,5.0,2.0
2018,14,red_bull,238.0,3.0,3.0
2018,14,renault,82.0,0.0,4.0
2018,14,haas,76.0,0.0,5.0
2018,14,mclaren,52.0,0.0,6.0
2018,14,force_india,18.0,0.0,9.0
2018,14,toro_rosso,30.0,0.0,7.0
2018,14,sauber,19.0,0.0,8.0
2018,14,williams,4.0,0.0,10.0
2018,15,mercedes,415.0,6.0,1.0
2018,15,ferrari,390.0,5.0,2.0
2018,15,red_bull,248.0,3.0,3.0
2018,15,renault,86.0,0.0,4.0
2018,15,haas,76.0,0.0,5.0
2018,15,mclaren,52.0,0.0,6.0
2018,15,force_india,32.0,0.0,7.0
2018,15,toro_rosso,30.0,0.0,8.0
2018,15,sauber,19.0,0.0,9.0
2018,15,williams,7.0,0.0,10.0
2018,16,mercedes,452.0,7.0,1.0
2018,16,ferrari,415.0,5.0,2.0
2018,16,red_bull,274.0,3.0,3.0
2018,16,renault,91.0,0.0,4.0
2018,16,haas,76.0,0.0,5.0
2018,16,mclaren,58.0,0.0,6.0
2018,16,force_india,32.0,0.0,7.0
2018,16,toro_rosso,30.0,0.0,8.0
2018,16,sauber,21.0,0.0,9.0
2018,16,williams,7.0,0.0,10.0
2018,17,mercedes,495.0,8.0,1.0
2018,17,ferrari,442.0,5.0,2.0
2018,17,red_bull,292.0,3.0,3.0
2018,17,renault,91.0,0.0,4.0
2018,17,haas,80.0,0.0,5.0
2018,17,mclaren,58.0,0.0,6.0
2018,17,force_india,35.0,0.0,7.0
2018,17,toro_rosso,30.0,0.0,8.0
2018,17,sauber,27.0,0.0,9.0
2018,17,williams,7.0,0.0,10.0
2018,18,mercedes,538.0,9.0,1.0
2018,18,ferrari,460.0,5.0,2.0
2018,18,red_bull,319.0,3.0,3.0
2018,18,renault,92.0,0.0,4.0
2018,18,haas,84.0,0.0,5.0
2018,18,mclaren,58.0,0.0,6.0
2018,18,force_india,43.0,0.0,7.0
2018,18,toro_rosso,30.0,0.0,8.0
2018,18,sauber,27.0,0.0,9.0
2018,18,williams,7.0,0.0,10.0
2018,19,mercedes,563.0,9.0,1.0
2018,19,ferrari,497.0,6.0,2.0
2018,19,red_bull,337.0,3.0,3.0
2018,19,renault,106.0,0.0,4.0
2018,19,haas,84.0,0.0,5.0
2018,19,mclaren,58.0,0.0,6.0
2018,19,force_india,47.0,0.0,7.0
2018,19,sauber,28.0,0.0,9.0
2018,19,toro_rosso,32.0,0.0,8.0
2018,19,williams,7.0,0.0,10.0
2018,20,mercedes,585.0,9.0,1.0
2018,20,ferrari,530.0,6.0,2.0
2018,20,red_bull,362.0,4.0,3.0
2018,20,renault,114.0,0.0,4.0
2018,20,haas,84.0,0.0,5.0
2018,20,mclaren,62.0,0.0,6.0
2018,20,force_india,47.0,0.0,7.0
2018,20,sauber,36.0,0.0,8.0
2018,20,toro_rosso,33.0,0.0,9.0
2018,20,williams,7.0,0.0,10.0
2018,21,mercedes,620.0,10.0,1.0
2018,21,ferrari,553.0,6.0,2.0
2018,21,red_bull,392.0,4.0,3.0
2018,21,renault,114.0,0.0,4.0
2018,21,haas,90.0,0.0,5.0
2018,21,mclaren,62.0,0.0,6.0
2018,21,force_india,48.0,0.0,7.0
2018,21,sauber,42.0,0.0,8.0
2018,21,toro_rosso,33.0,0.0,9.0
2018,21,williams,7.0,0.0,10.0
2019,1,mercedes,0.0,0.0,0.0
2019,1,ferrari,0.0,0.0,0.0
2019,1,red_bull,0.0,0.0,0.0
2019,1,haas,0.0,0.0,0.0
2019,1,renault,0.0,0.0,0.0
2019,1,alfa,0.0,0.0,0.0
2019,1,racing_point,0.0,0.0,0.0
2019,1,toro_rosso,0.0,0.0,0.0
2019,1,mclaren,0.0,0.0,0.0
2019,1,williams,0.0,0.0,0.0
2019,2,mercedes,44.0,1.0,1.0
2019,2,ferrari,22.0,0.0,2.0
2019,2,red_bull,15.0,0.0,3.0
2019,2,alfa,4.0,0.0,6.0
2019,2,mclaren,0.0,0.0,9.0
2019,2,haas,8.0,0.0,4.0
2019,2,renault,6.0,0.0,5.0
2019,2,toro_rosso,1.0,0.0,8.0
2019,2,racing_point,2.0,0.0,7.0
2019,2,williams,0.0,0.0,10.0
2019,3,mercedes,87.0,2.0,1.0
2019,3,ferrari,48.0,0.0,2.0
2019,3,red_bull,31.0,0.0,3.0
2019,3,renault,6.0,0.0,7.0
2019,3,alfa,10.0,0.0,4.0
2019,3,haas,8.0,0.0,6.0
2019,3,mclaren,8.0,0.0,5.0
2019,3,racing_point,3.0,0.0,9.0
2019,3,toro_rosso,3.0,0.0,8.0
2019,3,williams,0.0,0.0,10.0
2019,4,mercedes,130.0,3.0,1.0
2019,4,ferrari,73.0,0.0,2.0
2019,4,red_bull,52.0,0.0,3.0
2019,4,mclaren,8.0,0.0,7.0
2019,4,racing_point,7.0,0.0,8.0
2019,4,alfa,12.0,0.0,5.0
2019,4,renault,12.0,0.0,4.0
2019,4,haas,8.0,0.0,6.0
2019,4,toro_rosso,4.0,0.0,9.0
2019,4,williams,0.0,0.0,10.0
2019,5,mercedes,173.0,4.0,1.0
2019,5,ferrari,99.0,0.0,2.0
2019,5,red_bull,64.0,0.0,3.0
2019,5,mclaren,18.0,0.0,4.0
2019,5,racing_point,17.0,0.0,5.0
2019,5,haas,8.0,0.0,8.0
2019,5,alfa,13.0,0.0,6.0
2019,5,renault,12.0,0.0,7.0
2019,5,toro_rosso,4.0,0.0,9.0
2019,5,williams,0.0,0.0,10.0
2019,6,mercedes,217.0,5.0,1.0
2019,6,ferrari,121.0,0.0,2.0
2019,6,red_bull,87.0,0.0,3.0
2019,6,mclaren,22.0,0.0,4.0
2019,6,racing_point,17.0,0.0,5.0
2019,6,haas,15.0,0.0,6.0
2019,6,toro_rosso,6.0,0.0,9.0
2019,6,renault,12.0,0.0,8.0
2019,6,alfa,13.0,0.0,7.0
2019,6,williams,0.0,0.0,10.0
2019,7,mercedes,257.0,6.0,1.0
2019,7,ferrari,139.0,0.0,2.0
2019,7,red_bull,110.0,0.0,3.0
2019,7,mclaren,30.0,0.0,4.0
2019,7,renault,14.0,0.0,8.0
2019,7,racing_point,17.0,0.0,5.0
2019,7,toro_rosso,16.0,0.0,7.0
2019,7,haas,16.0,0.0,6.0
2019,7,alfa,13.0,0.0,9.0
2019,7,williams,0.0,0.0,10.0
2019,8,mercedes,295.0,7.0,1.0
2019,8,ferrari,172.0,0.0,2.0
2019,8,red_bull,124.0,0.0,3.0
2019,8,mclaren,30.0,0.0,4.0
2019,8,renault,28.0,0.0,5.0
2019,8,racing_point,19.0,0.0,6.0
2019,8,alfa,13.0,0.0,9.0
2019,8,toro_rosso,17.0,0.0,7.0
2019,8,haas,16.0,0.0,8.0
2019,8,williams,0.0,0.0,10.0
2019,9,mercedes,338.0,8.0,1.0
2019,9,ferrari,198.0,0.0,2.0
2019,9,red_bull,137.0,0.0,3.0
2019,9,mclaren,40.0,0.0,4.0
2019,9,renault,32.0,0.0,5.0
2019,9,alfa,19.0,0.0,7.0
2019,9,racing_point,19.0,0.0,6.0
2019,9,toro_rosso,17.0,0.0,8.0
2019,9,haas,16.0,0.0,9.0
2019,9,williams,0.0,0.0,10.0
2019,10,mercedes,363.0,8.0,1.0
2019,10,ferrari,228.0,0.0,2.0
2019,10,red_bull,169.0,1.0,3.0
2019,10,mclaren,52.0,0.0,4.0
2019,10,renault,32.0,0.0,5.0
2019,10,alfa,22.0,0.0,6.0
2019,10,racing_point,19.0,0.0,7.0
2019,10,toro_rosso,17.0,0.0,8.0
2019,10,haas,16.0,0.0,9.0
2019,10,williams,0.0,0.0,10.0
2019,11,mercedes,407.0,9.0,1.0
2019,11,ferrari,243.0,0.0,2.0
2019,11,red_bull,191.0,1.0,3.0
2019,11,mclaren,60.0,0.0,4.0
2019,11,toro_rosso,19.0,0.0,8.0
2019,11,renault,39.0,0.0,5.0
2019,11,racing_point,19.0,0.0,7.0
2019,11,haas,16.0,0.0,9.0
2019,11,alfa,26.0,0.0,6.0
2019,11,williams,0.0,0.0,10.0
2019,12,mercedes,409.0,9.0,1.0
2019,12,ferrari,261.0,0.0,2.0
2019,12,red_bull,217.0,2.0,3.0
2019,12,mclaren,70.0,0.0,4.0
2019,12,toro_rosso,42.0,0.0,5.0
2019,12,renault,39.0,0.0,6.0
2019,12,alfa,26.0,0.0,9.0
2019,12,racing_point,31.0,0.0,7.0
2019,12,haas,26.0,0.0,8.0
2019,12,williams,1.0,0.0,10.0
2019,13,mercedes,438.0,10.0,1.0
2019,13,ferrari,288.0,0.0,2.0
2019,13,red_bull,244.0,2.0,3.0
2019,13,mclaren,82.0,0.0,4.0
2019,13,toro_rosso,43.0,0.0,5.0
2019,13,renault,39.0,0.0,6.0
2019,13,racing_point,31.0,0.0,8.0
2019,13,alfa,32.0,0.0,7.0
2019,13,haas,26.0,0.0,9.0
2019,13,williams,1.0,0.0,10.0
2019,14,mercedes,471.0,10.0,1.0
2019,14,ferrari,326.0,1.0,2.0
2019,14,red_bull,254.0,2.0,3.0
2019,14,mclaren,82.0,0.0,4.0
2019,14,renault,43.0,0.0,6.0
2019,14,toro_rosso,51.0,0.0,5.0
2019,14,racing_point,40.0,0.0,7.0
2019,14,alfa,32.0,0.0,8.0
2019,14,haas,26.0,0.0,9.0
2019,14,williams,1.0,0.0,10.0
2019,15,mercedes,505.0,10.0,1.0
2019,15,ferrari,351.0,2.0,2.0
2019,15,red_bull,266.0,2.0,3.0
2019,15,mclaren,83.0,0.0,4.0
2019,15,renault,65.0,0.0,5.0
2019,15,toro_rosso,51.0,0.0,6.0
2019,15,racing_point,46.0,0.0,7.0
2019,15,alfa,34.0,0.0,8.0
2019,15,haas,26.0,0.0,9.0
2019,15,williams,1.0,0.0,10.0
2019,16,mercedes,527.0,10.0,1.0
2019,16,ferrari,394.0,3.0,2.0
2019,16,red_bull,289.0,2.0,3.0
2019,16,mclaren,89.0,0.0,4.0
2019,16,renault,67.0,0.0,5.0
2019,16,toro_rosso,55.0,0.0,6.0
2019,16,racing_point,46.0,0.0,7.0
2019,16,alfa,35.0,0.0,8.0
2019,16,haas,26.0,0.0,9.0
2019,16,williams,1.0,0.0,10.0
2019,17,mercedes,571.0,11.0,1.0
2019,17,ferrari,409.0,3.0,2.0
2019,17,red_bull,311.0,2.0,3.0
2019,17,mclaren,101.0,0.0,4.0
2019,17,renault,68.0,0.0,5.0
2019,17,toro_rosso,55.0,0.0,6.0
2019,17,racing_point,52.0,0.0,7.0
2019,17,alfa,35.0,0.0,8.0
2019,17,haas,28.0,0.0,9.0
2019,17,williams,1.0,0.0,10.0
2019,18,mercedes,612.0,12.0,1.0
2019,18,ferrari,435.0,3.0,2.0
2019,18,red_bull,323.0,2.0,3.0
2019,18,mclaren,111.0,0.0,4.0
2019,18,renault,68.0,0.0,5.0
2019,18,toro_rosso,62.0,0.0,6.0
2019,18,racing_point,58.0,0.0,7.0
2019,18,alfa,35.0,0.0,8.0
2019,18,haas,28.0,0.0,9.0
2019,18,williams,1.0,0.0,10.0
2019,19,mercedes,652.0,13.0,1.0
2019,19,ferrari,466.0,3.0,2.0
2019,19,red_bull,341.0,2.0,3.0
2019,19,mclaren,111.0,0.0,4.0
2019,19,renault,73.0,0.0,5.0
2019,19,racing_point,64.0,0.0,7.0
2019,19,toro_rosso,64.0,0.0,6.0
2019,19,alfa,35.0,0.0,8.0
2019,19,haas,28.0,0.0,9.0
2019,19,williams,1.0,0.0,10.0
2019,20,mercedes,695.0,14.0,1.0
2019,20,ferrari,479.0,3.0,2.0
2019,20,red_bull,366.0,2.0,3.0
2019,20,mclaren,121.0,0.0,4.0
2019,20,renault,83.0,0.0,5.0
2019,20,toro_rosso,64.0,0.0,7.0
2019,20,racing_point,65.0,0.0,6.0
2019,20,alfa,35.0,0.0,8.0
2019,20,haas,28.0,0.0,9.0
2019,20,williams,1.0,0.0,10.0
2019,21,mercedes,701.0,14.0,1.0
2019,21,ferrari,479.0,3.0,2.0
2019,21,red_bull,391.0,3.0,3.0
2019,21,mclaren,140.0,0.0,4.0
2019,21,renault,91.0,0.0,5.0
2019,21,toro_rosso,83.0,0.0,6.0
2019,21,racing_point,67.0,0.0,7.0
2019,21,alfa,57.0,0.0,8.0
2019,21,haas,28.0,0.0,9.0
2019,21,williams,1.0,0.0,10.0
2020,1,mercedes,0.0,0.0,0.0
2020,1,mclaren,0.0,0.0,0.0
2020,1,ferrari,0.0,0.0,0.0
2020,1,racing_point,0.0,0.0,0.0
2020,1,alphatauri,0.0,0.0,0.0
2020,1,renault,0.0,0.0,0.0
2020,1,alfa,0.0,0.0,0.0
2020,1,williams,0.0,0.0,0.0
2020,1,red_bull,0.0,0.0,0.0
2020,1,haas,0.0,0.0,0.0
2020,2,mercedes,37.0,1.0,1.0
2020,2,mclaren,26.0,0.0,2.0
2020,2,red_bull,0.0,0.0,9.0
2020,2,racing_point,8.0,0.0,4.0
2020,2,ferrari,19.0,0.0,3.0
2020,2,renault,4.0,0.0,6.0
2020,2,alphatauri,6.0,0.0,5.0
2020,2,alfa,2.0,0.0,7.0
2020,2,williams,0.0,0.0,8.0
2020,2,haas,0.0,0.0,10.0
2020,3,mercedes,80.0,2.0,1.0
2020,3,red_bull,27.0,0.0,3.0
2020,3,mclaren,39.0,0.0,2.0
2020,3,racing_point,22.0,0.0,4.0
2020,3,ferrari,19.0,0.0,5.0
2020,3,renault,8.0,0.0,6.0
2020,3,alphatauri,7.0,0.0,7.0
2020,3,alfa,2.0,0.0,8.0
2020,3,haas,0.0,0.0,10.0
2020,3,williams,0.0,0.0,9.0
2020,4,mercedes,121.0,3.0,1.0
2020,4,red_bull,55.0,0.0,2.0
2020,4,mclaren,41.0,0.0,3.0
2020,4,ferrari,27.0,0.0,5.0
2020,4,racing_point,40.0,0.0,4.0
2020,4,renault,12.0,0.0,6.0
2020,4,alphatauri,7.0,0.0,7.0
2020,4,alfa,2.0,0.0,8.0
2020,4,haas,1.0,0.0,9.0
2020,4,williams,0.0,0.0,10.0
2020,5,mercedes,146.0,4.0,1.0
2020,5,red_bull,78.0,0.0,2.0
2020,5,ferrari,43.0,0.0,4.0
2020,5,mclaren,51.0,0.0,3.0
2020,5,racing_point,42.0,0.0,5.0
2020,5,renault,32.0,0.0,6.0
2020,5,alphatauri,13.0,0.0,7.0
2020,5,alfa,2.0,0.0,8.0
2020,5,haas,1.0,0.0,9.0
2020,5,williams,0.0,0.0,10.0
2020,6,mercedes,180.0,4.0,1.0
2020,6,red_bull,113.0,1.0,2.0
2020,6,racing_point,41.0,0.0,5.0
2020,6,mclaren,53.0,0.0,4.0
2020,6,ferrari,55.0,0.0,3.0
2020,6,renault,36.0,0.0,6.0
2020,6,alphatauri,14.0,0.0,7.0
2020,6,alfa,2.0,0.0,8.0
2020,6,haas,1.0,0.0,9.0
2020,6,williams,0.0,0.0,10.0
2020,7,mercedes,221.0,5.0,1.0
2020,7,red_bull,135.0,1.0,2.0
2020,7,mclaren,62.0,0.0,4.0
2020,7,racing_point,63.0,0.0,3.0
2020,7,ferrari,61.0,0.0,5.0
2020,7,renault,36.0,0.0,6.0
2020,7,alphatauri,16.0,0.0,7.0
2020,7,alfa,2.0,0.0,8.0
2020,7,haas,1.0,0.0,9.0
2020,7,williams,0.0,0.0,10.0
2020,8,mercedes,264.0,6.0,1.0
2020,8,red_bull,158.0,1.0,2.0
2020,8,mclaren,68.0,0.0,3.0
2020,8,racing_point,66.0,0.0,4.0
2020,8,renault,59.0,0.0,6.0
2020,8,ferrari,61.0,0.0,5.0
2020,8,alphatauri,20.0,0.0,7.0
2020,8,alfa,2.0,0.0,8.0
2020,8,haas,1.0,0.0,9.0
2020,8,williams,0.0,0.0,10.0
2020,9,mercedes,281.0,6.0,1.0
2020,9,red_bull,158.0,1.0,2.0
2020,9,mclaren,98.0,0.0,3.0
2020,9,racing_point,82.0,0.0,4.0
2020,9,renault,71.0,0.0,5.0
2020,9,ferrari,61.0,0.0,6.0
2020,9,alphatauri,47.0,1.0,7.0
2020,9,alfa,2.0,0.0,8.0
2020,9,haas,1.0,0.0,9.0
2020,9,williams,0.0,0.0,10.0
2020,10,mercedes,325.0,7.0,1.0
2020,10,red_bull,173.0,1.0,2.0
2020,10,mclaren,106.0,0.0,3.0
2020,10,racing_point,92.0,0.0,4.0
2020,10,renault,83.0,0.0,5.0
2020,10,ferrari,66.0,0.0,6.0
2020,10,alphatauri,53.0,1.0,7.0
2020,10,alfa,4.0,0.0,8.0
2020,10,haas,1.0,0.0,9.0
2020,10,williams,0.0,0.0,10.0
2020,11,mercedes,366.0,8.0,1.0
2020,11,red_bull,192.0,1.0,2.0
2020,11,racing_point,104.0,0.0,4.0
2020,11,mclaren,106.0,0.0,3.0
2020,11,renault,99.0,0.0,5.0
2020,11,ferrari,74.0,0.0,6.0
2020,11,alphatauri,59.0,1.0,7.0
2020,11,alfa,4.0,0.0,8.0
2020,11,haas,1.0,0.0,9.0
2020,11,williams,0.0,0.0,10.0
2020,12,mercedes,391.0,9.0,1.0
2020,12,red_bull,211.0,1.0,2.0
2020,12,racing_point,120.0,0.0,3.0
2020,12,mclaren,116.0,0.0,4.0
2020,12,renault,114.0,0.0,5.0
2020,12,ferrari,80.0,0.0,6.0
2020,12,alphatauri,67.0,1.0,7.0
2020,12,alfa,5.0,0.0,8.0
2020,12,haas,3.0,0.0,9.0
2020,12,williams,0.0,0.0,10.0
2020,13,mercedes,435.0,10.0,1.0
2020,13,red_bull,226.0,1.0,2.0
2020,13,renault,120.0,0.0,5.0
2020,13,mclaren,124.0,0.0,4.0
2020,13,racing_point,126.0,0.0,3.0
2020,13,ferrari,93.0,0.0,6.0
2020,13,alphatauri,77.0,1.0,7.0
2020,13,alfa,5.0,0.0,8.0
2020,13,haas,3.0,0.0,9.0
2020,13,williams,0.0,0.0,10.0
2020,14,mercedes,479.0,11.0,1.0
2020,14,red_bull,226.0,1.0,2.0
2020,14,racing_point,134.0,0.0,5.0
2020,14,mclaren,134.0,0.0,4.0
2020,14,renault,135.0,0.0,3.0
2020,14,ferrari,103.0,0.0,6.0
2020,14,alphatauri,89.0,1.0,7.0
2020,14,alfa,8.0,0.0,8.0
2020,14,haas,3.0,0.0,9.0
2020,14,williams,0.0,0.0,10.0
2020,15,mercedes,504.0,12.0,1.0
2020,15,red_bull,240.0,1.0,2.0
2020,15,mclaren,149.0,0.0,4.0
2020,15,racing_point,154.0,0.0,3.0
2020,15,renault,136.0,0.0,5.0
2020,15,ferrari,130.0,0.0,6.0
2020,15,alphatauri,89.0,1.0,7.0
2020,15,alfa,8.0,0.0,8.0
2020,15,haas,3.0,0.0,9.0
2020,15,williams,0.0,0.0,10.0
2020,16,mercedes,533.0,13.0,1.0
2020,16,red_bull,274.0,1.0,2.0
2020,16,racing_point,154.0,0.0,4.0
2020,16,mclaren,171.0,0.0,3.0
2020,16,renault,144.0,0.0,5.0
2020,16,ferrari,131.0,0.0,6.0
2020,16,alphatauri,97.0,1.0,7.0
2020,16,alfa,8.0,0.0,8.0
2020,16,haas,3.0,0.0,9.0
2020,16,williams,0.0,0.0,10.0
2020,17,mercedes,540.0,13.0,1.0
2020,17,red_bull,282.0,1.0,2.0
2020,17,mclaren,184.0,0.0,4.0
2020,17,racing_point,194.0,1.0,3.0
2020,17,renault,172.0,0.0,5.0
2020,17,ferrari,131.0,0.0,6.0
2020,17,alphatauri,103.0,1.0,7.0
2020,17,alfa,8.0,0.0,8.0
2020,17,haas,3.0,0.0,9.0
2020,17,williams,0.0,0.0,10.0
2021,1,mercedes,0.0,0.0,0.0
2021,1,red_bull,0.0,0.0,0.0
2021,1,mclaren,0.0,0.0,0.0
2021,1,ferrari,0.0,0.0,0.0
2021,1,alphatauri,0.0,0.0,0.0
2021,1,aston_martin,0.0,0.0,0.0
2021,1,alfa,0.0,0.0,0.0
2021,1,alpine,0.0,0.0,0.0
2021,1,williams,0.0,0.0,0.0
2021,1,haas,0.0,0.0,0.0
2021,2,mercedes,41.0,1.0,1.0
2021,2,red_bull,28.0,0.0,2.0
2021,2,mclaren,18.0,0.0,3.0
2021,2,ferrari,12.0,0.0,4.0
2021,2,alphatauri,2.0,0.0,5.0
2021,2,aston_martin,1.0,0.0,6.0
2021,2,alpine,0.0,0.0,8.0
2021,2,alfa,0.0,0.0,7.0
2021,2,williams,0.0,0.0,9.0
2021,2,haas,0.0,0.0,10.0
2021,3,mercedes,60.0,1.0,1.0
2021,3,red_bull,53.0,1.0,2.0
2021,3,mclaren,41.0,0.0,3.0
2021,3,ferrari,34.0,0.0,4.0
2021,3,alpine,3.0,0.0,7.0
2021,3,alphatauri,8.0,0.0,5.0
2021,3,aston_martin,5.0,0.0,6.0
2021,3,alfa,0.0,0.0,8.0
2021,3,williams,0.0,0.0,9.0
2021,3,haas,0.0,0.0,10.0
2021,4,mercedes,101.0,2.0,1.0
2021,4,red_bull,83.0,1.0,2.0
2021,4,mclaren,53.0,0.0,3.0
2021,4,ferrari,42.0,0.0,4.0
2021,4,alpine,13.0,0.0,5.0
2021,4,alphatauri,9.0,0.0,6.0
2021,4,aston_martin,5.0,0.0,7.0
2021,4,alfa,0.0,0.0,8.0
2021,4,williams,0.0,0.0,9.0
2021,4,haas,0.0,0.0,10.0
2021,5,red_bull,112.0,1.0,2.0
2021,5,mercedes,141.0,3.0,1.0
2021,5,mclaren,65.0,0.0,3.0
2021,5,ferrari,60.0,0.0,4.0
2021,5,aston_martin,5.0,0.0,7.0
2021,5,alphatauri,10.0,0.0,6.0
2021,5,alpine,15.0,0.0,5.0
2021,5,alfa,0.0,0.0,8.0
2021,5,williams,0.0,0.0,9.0
2021,5,haas,0.0,0.0,10.0
2021,6,red_bull,149.0,2.0,1.0
2021,6,mercedes,148.0,3.0,2.0
2021,6,ferrari,78.0,0.0,4.0
2021,6,mclaren,80.0,0.0,3.0
2021,6,alphatauri,18.0,0.0,6.0
2021,6,aston_martin,19.0,0.0,5.0
2021,6,alpine,17.0,0.0,7.0
2021,6,alfa,1.0,0.0,8.0
2021,6,haas,0.0,0.0,10.0
2021,6,williams,0.0,0.0,9.0
2021,7,red_bull,174.0,3.0,1.0
2021,7,mercedes,148.0,3.0,2.0
2021,7,mclaren,92.0,0.0,4.0
2021,7,ferrari,94.0,0.0,3.0
2021,7,alphatauri,39.0,0.0,5.0
2021,7,aston_martin,37.0,0.0,6.0
2021,7,alpine,25.0,0.0,7.0
2021,7,alfa,2.0,0.0,8.0
2021,7,williams,0.0,0.0,10.0
2021,7,haas,0.0,0.0,9.0
2021,8,red_bull,215.0,4.0,1.0
2021,8,mercedes,178.0,3.0,2.0
2021,8,mclaren,110.0,0.0,3.0
2021,8,ferrari,94.0,0.0,4.0
2021,8,alphatauri,45.0,0.0,5.0
2021,8,aston_martin,40.0,0.0,6.0
2021,8,alpine,29.0,0.0,7.0
2021,8,alfa,2.0,0.0,8.0
2021,8,williams,0.0,0.0,9.0
2021,8,haas,0.0,0.0,10.0
2021,9,red_bull,252.0,5.0,1.0
2021,9,mercedes,212.0,3.0,2.0
2021,9,mclaren,120.0,0.0,3.0
2021,9,ferrari,108.0,0.0,4.0
2021,9,alphatauri,46.0,0.0,5.0
2021,9,aston_martin,44.0,0.0,6.0
2021,9,alpine,31.0,0.0,7.0
2021,9,alfa,2.0,0.0,8.0
2021,9,williams,0.0,0.0,9.0
2021,9,haas,0.0,0.0,10.0
2021,10,red_bull,286.0,6.0,1.0
2021,10,mercedes,242.0,3.0,2.0
2021,10,mclaren,141.0,0.0,3.0
2021,10,ferrari,122.0,0.0,4.0
2021,10,alphatauri,48.0,0.0,5.0
2021,10,aston_martin,44.0,0.0,6.0
2021,10,alpine,32.0,0.0,7.0
2021,10,alfa,2.0,0.0,8.0
2021,10,williams,0.0,0.0,9.0
2021,10,haas,0.0,0.0,10.0
2021,11,mercedes,285.0,4.0,2.0
2021,11,red_bull,289.0,6.0,1.0
2021,11,ferrari,148.0,0.0,4.0
2021,11,mclaren,163.0,0.0,3.0
2021,11,alpine,40.0,0.0,7.0
2021,11,alphatauri,49.0,0.0,5.0
2021,11,aston_martin,48.0,0.0,6.0
2021,11,williams,0.0,0.0,9.0
2021,11,alfa,2.0,0.0,8.0
2021,11,haas,0.0,0.0,10.0
2021,12,mercedes,303.0,4.0,1.0
2021,12,red_bull,291.0,6.0,2.0
2021,12,mclaren,163.0,0.0,4.0
2021,12,ferrari,163.0,0.0,3.0
2021,12,alpine,77.0,1.0,5.0
2021,12,alphatauri,68.0,0.0,6.0
2021,12,aston_martin,48.0,0.0,7.0
2021,12,williams,10.0,0.0,8.0
2021,12,alfa,3.0,0.0,9.0
2021,12,haas,0.0,0.0,10.0
2021,13,mercedes,0.0,4.0,1.0
2021,13,red_bull,0.0,7.0,2.0
2021,13,ferrari,0.0,0.0,4.0
2021,13,mclaren,169.0,0.0,3.0
2021,13,alpine,80.0,1.0,5.0
2021,13,alphatauri,72.0,0.0,6.0
2021,13,aston_martin,53.0,0.0,7.0
2021,13,williams,20.0,0.0,8.0
2021,13,alfa,3.0,0.0,9.0
2021,13,haas,0.0,0.0,10.0
2021,14,mercedes,0.0,4.0,1.0
2021,14,red_bull,0.0,8.0,2.0
2021,14,mclaren,170.0,0.0,4.0
2021,14,ferrari,0.0,0.0,3.0
2021,14,alpine,90.0,1.0,5.0
2021,14,alphatauri,84.0,0.0,6.0
2021,14,aston_martin,53.0,0.0,7.0
2021,14,williams,20.0,0.0,8.0
2021,14,alfa,3.0,0.0,9.0
2021,14,haas,0.0,0.0,10.0
2021,15,mercedes,0.0,4.0,1.0
2021,15,red_bull,0.0,8.0,2.0
2021,15,mclaren,215.0,1.0,3.0
2021,15,ferrari,0.0,0.0,4.0
2021,15,alpine,95.0,1.0,5.0
2021,15,alphatauri,84.0,0.0,6.0
2021,15,aston_martin,59.0,0.0,7.0
2021,15,williams,22.0,0.0,8.0
2021,15,alfa,3.0,0.0,9.0
2021,15,haas,0.0,0.0,10.0
2021,16,mercedes,0.0,5.0,1.0
2021,16,red_bull,0.0,8.0,2.0
2021,16,mclaren,234.0,1.0,3.0
2021,16,ferrari,0.0,0.0,4.0
2021,16,alpine,103.0,1.0,5.0
2021,16,alphatauri,84.0,0.0,6.0
2021,16,aston_martin,59.0,0.0,7.0
2021,16,williams,23.0,0.0,8.0
2021,16,alfa,7.0,0.0,9.0
2021,16,haas,0.0,0.0,10.0
2021,17,mercedes,0.0,6.0,1.0
2021,17,red_bull,0.0,8.0,2.0
2021,17,mclaren,240.0,1.0,3.0
2021,17,ferrari,0.0,0.0,4.0
2021,17,alpine,104.0,1.0,5.0
2021,17,alphatauri,92.0,0.0,6.0
2021,17,aston_martin,61.0,0.0,7.0
2021,17,williams,23.0,0.0,8.0
2021,17,alfa,7.0,0.0,9.0
2021,17,haas,0.0,0.0,10.0
2021,18,mercedes,0.0,6.0,1.0
2021,18,red_bull,0.0,9.0,2.0
2021,18,ferrari,0.0,0.0,4.0
2021,18,mclaren,254.0,1.0,3.0
2021,18,alpine,104.0,1.0,5.0
2021,18,alphatauri,94.0,0.0,6.0
2021,18,aston_martin,62.0,0.0,7.0
2021,18,williams,23.0,0.0,8.0
2021,18,alfa,7.0,0.0,9.0
2021,18,haas,0.0,0.0,10.0
2021,19,mercedes,0.0,6.0,1.0
2021,19,red_bull,0.0,10.0,2.0
2021,19,ferrari,0.0,0.0,3.0
2021,19,mclaren,255.0,1.0,4.0
2021,19,alpine,106.0,1.0,5.0
2021,19,alphatauri,106.0,0.0,6.0
2021,19,aston_martin,68.0,0.0,7.0
2021,19,williams,23.0,0.0,8.0
2021,19,alfa,11.0,0.0,9.0
2021,19,haas,0.0,0.0,10.0
2021,20,mercedes,0.0,7.0,1.0
2021,20,red_bull,0.0,10.0,2.0
2021,20,ferrari,0.0,0.0,3.0
2021,20,mclaren,256.0,1.0,4.0
2021,20,alpine,112.0,1.0,5.0
2021,20,alphatauri,112.0,0.0,6.0
2021,20,aston_martin,68.0,0.0,7.0
2021,20,williams,23.0,0.0,8.0
2021,20,alfa,11.0,0.0,9.0
2021,20,haas,0.0,0.0,10.0
2021,21,mercedes,0.0,8.0,1.0
2021,21,red_bull,0.0,10.0,2.0
2021,21,ferrari,0.0,0.0,3.0
2021,21,mclaren,258.0,1.0,4.0
2021,21,alpine,137.0,1.0,5.0
2021,21,alphatauri,112.0,0.0,6.0
2021,21,aston_martin,77.0,0.0,7.0
2021,21,williams,23.0,0.0,8.0
2021,21,alfa,11.0,0.0,9.0
2021,21,haas,0.0,0.0,10.0
2021,22,mercedes,0.0,9.0,1.0
2021,22,red_bull,0.0,10.0,2.0
2021,22,ferrari,0.0,0.0,3.0
2021,22,mclaren,269.0,1.0,4.0
2021,22,alpine,149.0,1.0,5.0
2021,22,alphatauri,120.0,0.0,6.0
2021,22,aston_martin,77.0,0.0,7.0
2021,22,williams,23.0,0.0,8.0
2021,22,alfa,13.0,0.0,9.0
2021,22,haas,0.0,0.0,10.0
